id,date,message,sender_id
5382,2025-01-17T12:26:50+00:00,,-1001649695480
5381,2025-01-17T12:26:50+00:00,,-1001649695480
5380,2025-01-17T12:26:50+00:00,,-1001649695480
5379,2025-01-17T12:26:50+00:00,"рЅ┤рѕїрїЇрѕФрѕЮ­ЪФљ t.me/modernshoppingcenter ""рЅаріарІ▓рѕх ріљрїѕрѕе рѕЂрѕїрѕЮ рЅђрІ│рѕџрІЈрЅй ріљріЋ"" ­Ъћц­Ъћц­Ъћц­Ъћц­Ъћц­Ъћц­Ъћц ­Ъћц­Ъћц­Ъћц­Ъћц­Ъћц­Ъћц ­Ъћц­Ъћц­Ъћц­Ъћц­Ъћц­Ъћц ­Ъћц рІерЇЇрѕФрЇЇрѕг рѕўрїГрѕўрЅѓрІФ ­Ъћц рЅЦрѕГрЅ▒ріФріЋ рЇц рѕјрѕџ рЇц ріарЇЋрѕЇ рІерѕўрѕ│рѕ░рѕЅрЅхріЋ рЅарЅђрѕІрѕЅ рІерѕџрїерѕЮрЅЁ ­Ъћц 700ml рІерѕўрІФрІЮ ріарЅЁрѕЮ рІФрѕѕрІЇ ­Ъћц рІерѕФрѕ▒ рѕЏрІЇрѕерїЃ рІФрѕѕрІЇ ­Ъї╣ рѕърЅ░рѕЕ рїаріЋріФрѕФ рІерѕєріљ ­Ъћц рѕѕрѕЏрЇЁрІ│рЅх рЅђрѕІрѕЇ ­Ъћц рѕѕріарїарЅЃрЅђрѕЮ рѕЮрЅ╣ рЅа­ЪЊЦ ­Ъњх2800­Ъњх РўЃ№ИЈ рІерЅ▓ріГ рЅХріГ рЇћрїЃрЅйріЋріЋ рѕѕрѕЏрїЇріўрЅх рѕіріЋріЕріЋ рІГрїФріЉ РгЄ№ИЈ http://tiktok.com/@modernshoppingcenter1 ­ЪЊъ 0924743736 ­ЪЊъ 0974978584 рЅарѕхрѕФрЅйріЋ рѕІрІГ рЅЁрѕгрЅ│ ріФрѕѕрІјрЅх рЅЦрЅ╗ рЅарІџрѕЁ рѕхрѕЇріГ рІ░рІЅрѕѕрІЅ рІФрѕ│рІЅрЅЂріЋрЇб ­Ъћй ­ЪЊъ 0961373839 Рюѕ№ИЈ рІерѕўрѕерїАрЅхріЋ ріЦрЅЃ рѕѕрѕЏрІўрІЮ ріерЅ│рЅй рЅБрѕѕрІЅ рІерЅ┤рѕїрїЇрѕФрѕЮ ріарІхрѕФрѕ╗ рІГрѕІріЕрѕЇріЋ ­Ъњг t.me/modernshopping1 ­Ъњг t.me/modernshopping2 ­ЪЈЇ­ЪЈЇріарІ▓рѕх ріарЅарЅБ рІЅрѕхрїЦ ріе100рЅЦрѕГ ріЦрѕхріе 200рЅЦрѕГ рЅЦрЅ╗ рЅарѕЏрѕхріерЇѕрѕЇ рІФрѕЅрЅарЅх рІхрѕерѕх рЅарЇѕрїБріЋ рѕърЅ░рѕеріърЅ╗рЅйріЋ ріЦріЋрѕЇріГрѕЇрІЈрЅ│рѕѕріЋрЇб РџА№ИЈРџА№ИЈ рѕѕріГрЇЇрѕѕ рѕђрїѕрѕГ рІ░ріЋрЅаріърЅ╗рЅйріЋ рЅарѕўріљрѕљрѕфрІФ рЅаріЕрѕЇ ріарІхрѕГрїѕріЋ рЅарѕ╣рЇїрѕГ ріЦріЋрѕЇріФрѕѕріЋрЇб РЮЊ ріарІхрѕФрѕ╗ рЅЂрїЦрѕГ 1№ИЈРЃБ = рїЅрѕГрІхрѕЙрѕІ ріерѕ┤ріЋрЅИрѕф рѕърѕЇ рЅхріЋрѕй рІЮрЅЁ ріЦріЋрІ│рѕЅ ( рѕєрѕі рѕ▓рЅ▓ рѕ┤ріЋрЅ░рѕГ рѕърѕЇ ) рѕІрІГ ріЦріЋрІ░рїѕрЅА рЇірЅхрѕѕрЇірЅх ріерѕірЇЇрЅ▒ рЅарїЇрѕФ рЅаріЕрѕЇ рѕџрІЏріЋ рѕІрІГ M06 рЅЂрїЦрѕГ 2№ИЈРЃБ = рїђрѕъ рѕўрѕхрЅ│рІѕрЅх рЇІрЅЦрѕфріФ рїГрѕх рѕўрІЅрїФрІЅ рЇірЅх рѕѕрЇірЅх ( рѕФрѕљ рѕърѕЇ ) рїЇрѕФрІЅріЋрІх рЇЇрѕјрѕГ ріерІ░рѕерїЃрІЅ рїјріЋ RM G-06 (рЅхрѕЇрЅЂ рѕџріЊ рЇѕрѕГріњрЅИрѕГ рІФрѕѕрЅарЅх рѕЁріЋрЇЃ) РГљ№ИЈ ""рЅарѕърІ░рѕГріЋ ріЦрЅЃрІѕрІЈрЅй рѕѓрІѕрЅхрІјріЋ рѕърІ░рѕГріЊрІГрІЮ рІФрІхрѕГрїЅ ""РГљ№ИЈ",-1001649695480
5378,2025-01-17T07:49:42+00:00,,-1001649695480
5377,2025-01-17T07:49:42+00:00,,-1001649695480
5376,2025-01-17T07:49:42+00:00,,-1001649695480
5375,2025-01-17T07:49:42+00:00,,-1001649695480
5374,2025-01-17T07:49:42+00:00,"рЅ┤рѕїрїЇрѕФрѕЮ­ЪЉЅt.me/modernshoppingcenter ""рЅаріарІ▓рѕх ріљрїѕрѕГ рѕЂрѕїрѕЮ рЅђрІ│рѕџрІЈрЅй ріљріЋ"" ­Ъћа­Ъћа­Ъћа­Ъћа­Ъћа­Ъћа­Ъћа ­Ъћа­Ъћа­Ъћа­Ъћа­Ъћа­Ъћа­Ъћа ­Ъћц ріарІ▓рѕх рІерїцріЊ рѕўрїарЅарЅѓрІФ рѕЏрѕйріЋ ­Ъћц рЅарІџрѕЁ рѕЏрѕйріЋ рѕѕ 15 рІ░рЅѓрЅЃ рѕўрїарЅђрѕЮ 5ріфрѕјрѕюрЅхрѕГ рѕЕрїФ ріерѕўрѕ«рїЦ рЇБ2 рѕ░ріарЅх рІерѕ░рІЇріљрЅх ріЦріЋрЅЁрѕхрЅЃрѕ┤ ріерѕўрѕхрѕФрЅх рІерЅарѕѕрїа рїЦрЅЁрѕЮ рІГрѕ░рїБрѕЇ ­Ъћц рІерІ░рѕЮ рІЮрІЅрІЅрѕГріЋ рІФрѕхрЅ░ріФріГрѕІрѕЇ ­Ъћц рІерѕхрі│рѕГріЊрІері«рѕірѕхрЅхрѕ«рѕЇ рѕўрїаріЋріЋ рІФрѕхрЅ░ріФріГрѕІрѕЇ ­Ъћц ріарїарЅЃрѕІрІГ рІерѕ░рІЇріљрЅх ріљрѕГрЅ«рЅйріЋ рѕхрѕФрЅИрІЅріЋ рЅарЅхріГріГрѕЇ ріЦріЋрІ▓рІФріеріЊрІЅріЉ рІГрѕерІ│рѕЇ ­Ъћц ріарѕІрѕхрЇѕрѕІрїі рІерѕхрЅЦ ріГрѕЮрЅйрЅхріЋ ріерѕ░рІЅріљрЅ│рЅйріЋ ріЦріЋрІ▓рІѕрїѕрІ▒ рІФрІ░рѕГрїІрѕЇ ­Ъћц рІерІ░рѕЮ рїЇрЇірЅх рІерѕџрІФрѕўрїБрІЅріЋ рІерЅ│рІГрѕ«рІГрІх ріЦрїбріЋ рѕхрѕФ рІФрѕхрЅ░ріФріГрѕІрѕЇ ­Ъћц рІерІ░рѕЮ рѕўрЇЇрѕ░рѕхріЋ рІФрѕхрІѕрїЇрІ│рѕЇ рІерЅ░рѕѕрІФрІЕ рѕЁрѕўрѕърЅйріЋ рѕѕрѕЏрѕхрІѕрїѕрІх рІГрѕерІ│рѕЇ ­Ъћц рѕѕрЅЂрѕўрЅх ріЦрІхрїѕрЅх рІГрѕерІ│рѕЇ ­Ъћц рЅаріарїарЅЃрѕІрІГ рЅарѕ┤рѕЅрѕІрѕГ рІ░рѕерїЃ рЅарѕџрїѕріЎ рІерѕ░рІЅріљрЅхрЅйріЋ ріГрЇЇрѕјрЅй рѕѕрІГ рѕхрѕФрІЅріЋ рІГрѕ░рѕФрѕЇрЇб ­Ъћц ріЦріЋрІ░ріљ ріарѕірЅБрЅБ рІФрѕЅ ріарѕѕрѕЮ ріарЅђрЇЇ рІхрѕГрїЁрЅХрЅй рЅарЇірЅх рїѕрЇЃрЅИрІЇ рѕІрІГ рІерѕѕрїарЇЅрЅх ріарѕхрЅ░рѕЏрѕЏріЮ ріЦрЅЃ рЅа­ЪЊЦ ­Ъњх7000­Ъњх РўЃ№ИЈ рІерЅ▓ріГ рЅХріГ рЇћрїЃрЅйріЋріЋ рѕѕрѕЏрїЇріўрЅх рѕіріЋріЕріЋ рІГрїФріЉ РгЄ№ИЈ http://tiktok.com/@modernshoppingcenter1 ­ЪЊъ 0924743736 ­ЪЊъ 0974978584 рЅарѕхрѕФрЅйріЋ рѕІрІГ рЅЁрѕгрЅ│ ріФрѕѕрІјрЅх рЅЦрЅ╗ рЅарІџрѕЁ рѕхрѕЇріГ рІ░рІЅрѕѕрІЅ рІФрѕ│рІЅрЅЂріЋрЇб ­Ъћй ­ЪЊъ 0961373839 Рюѕ№ИЈ рІерѕўрѕерїАрЅхріЋ ріЦрЅЃ рѕѕрѕЏрІўрІЮ ріерЅ│рЅй рЅБрѕѕрІЅ рІерЅ┤рѕїрїЇрѕФрѕЮ ріарІхрѕФрѕ╗ рІГрѕІріЕрѕЇріЋ ­Ъњг t.me/modernshopping1 ­Ъњг t.me/modernshopping2 ­ЪЈЇ­ЪЈЇріарІ▓рѕх ріарЅарЅБ рІЅрѕхрїЦ ріе100рЅЦрѕГ ріЦрѕхріе 200рЅЦрѕГ рЅЦрЅ╗ рЅарѕЏрѕхріерЇѕрѕЇ рІФрѕЅрЅарЅх рІхрѕерѕх рЅарЇѕрїБріЋ рѕърЅ░рѕеріърЅ╗рЅйріЋ ріЦріЋрѕЇріГрѕЇрІЈрЅ│рѕѕріЋрЇб РџА№ИЈРџА№ИЈ рѕѕріГрЇЇрѕѕ рѕђрїѕрѕГ рІ░ріЋрЅаріърЅ╗рЅйріЋ рЅарѕўріљрѕљрѕфрІФ рЅаріЕрѕЇ ріарІхрѕГрїѕріЋ рЅарѕ╣рЇїрѕГ ріЦріЋрѕЇріФрѕѕріЋрЇб РЮЊ ріарІхрѕФрѕ╗ рЅЂрїЦрѕГ 1№ИЈРЃБ = рїЅрѕГрІхрѕЙрѕІ ріерѕ┤ріЋрЅИрѕф рѕърѕЇ рЅхріЋрѕй рІЮрЅЁ ріЦріЋрІ│рѕЅ ( рѕєрѕі рѕ▓рЅ▓ рѕ┤ріЋрЅ░рѕГ рѕърѕЇ ) рѕІрІГ ріЦріЋрІ░рїѕрЅА рЇірЅхрѕѕрЇірЅх ріерѕірЇЇрЅ▒ рЅарїЇрѕФ рЅаріЕрѕЇ рѕџрІЏріЋ рѕІрІГ M06 рЅЂрїЦрѕГ 2№ИЈРЃБ = рїђрѕъ рѕўрѕхрЅ│рІѕрЅх рЇІрЅЦрѕфріФ рїГрѕх рѕўрІЅрїФрІЅ рЇірЅх рѕѕрЇірЅх ( рѕФрѕљ рѕърѕЇ ) рїЇрѕФрІЅріЋрІх рЇЇрѕјрѕГ ріерІ░рѕерїЃрІЅ рїјріЋ RM G-06 (рЅхрѕЇрЅЂ рѕџріЊ рЇѕрѕГріњрЅИрѕГ рІФрѕѕрЅарЅх рѕЁріЋрЇЃ) РГљ№ИЈ ""рЅарѕърІ░рѕГріЋ ріЦрЅЃрІѕрІЈрЅй рѕѓрІѕрЅхрІјріЋ рѕърІ░рѕГріЊрІГрІЮ рІФрІхрѕГрїЅ ""РГљ№ИЈ",-1001649695480
5373,2025-01-16T15:18:29+00:00,,-1001649695480
5372,2025-01-16T15:18:29+00:00,,-1001649695480
5371,2025-01-16T15:18:29+00:00,,-1001649695480
5370,2025-01-16T15:18:29+00:00,"рЅ┤рѕїрїЇрѕФрѕЮ­ЪФљ t.me/modernshoppingcenter ""рЅаріарІ▓рѕх ріљрїѕрѕе рѕЂрѕїрѕЮ рЅђрІ│рѕџрІЈрЅй ріљріЋ"" ­Ъћа­Ъћа­Ъћа­Ъћа ­Ъћа­Ъћа­Ъћа­Ъћа ­Ъћа­Ъћа­Ъћа­Ъћа­Ъћа­Ъћа­Ъћа­Ъћа­Ъћа ­Ъћц рІерѕЇрїєрЅй рѕЮрїЇрЅЦ рѕўрѕхрѕфрІФ ­Ъћц рЅаріерЇЇрЅ░ріЏ рѕЎрЅђрЅх рѕЮрїЇрЅЦріЋ ріЦрѕхрЅ▓рѕЮ рІерѕџрІФрІ░рѕГрїЇ ­Ъћц ріЦрѕхрЅ▓рѕЮ рІФрІ░рѕерїѕрІЇріЋ рІерѕџрІ░рЅБрѕЇрЅЁ рІѕрІГрѕЮ рІерѕџрЇѕрїГ ­Ъћц рѕЮрѕІрїЕ ріЦрѕхрЅ┤рѕѕрѕх ріЦрѕхрЅ▓рѕЇ рІерѕєріљ ­Ъћц рїєрїЅ 500ml рІерѕўрІФрІЮ ріарЅЁрѕЮ рІФрѕѕрІЇ ­Ъћц mixing power 110W ­Ъћц Heating power 300W ­Ъћц рѕѕрѕЏрЇЁрІ│рЅх рЅђрѕІрѕЇ ­Ъћц рѕѕріарїарЅЃрЅђрѕЮ рѕЮрЅ╣ рЅа­ЪЊЦ ­Ъњх­Ъњх РўЃ№ИЈ рІерЅ▓ріГ рЅХріГ рЇћрїЃрЅйріЋріЋ рѕѕрѕЏрїЇріўрЅх рѕіріЋріЕріЋ рІГрїФріЉ РгЄ№ИЈ http://tiktok.com/@modernshoppingcenter1 ­ЪЊъ 0924743736 ­ЪЊъ 0974978584 рЅарѕхрѕФрЅйріЋ рѕІрІГ рЅЁрѕгрЅ│ ріФрѕѕрІјрЅх рЅЦрЅ╗ рЅарІџрѕЁ рѕхрѕЇріГ рІ░рІЅрѕѕрІЅ рІФрѕ│рІЅрЅЂріЋрЇб ­Ъћй ­ЪЊъ 0961373839 Рюѕ№ИЈ рІерѕўрѕерїАрЅхріЋ ріЦрЅЃ рѕѕрѕЏрІўрІЮ ріерЅ│рЅй рЅБрѕѕрІЅ рІерЅ┤рѕїрїЇрѕФрѕЮ ріарІхрѕФрѕ╗ рІГрѕІріЕрѕЇріЋ ­Ъњг t.me/modernshopping1 ­Ъњг t.me/modernshopping2 ­ЪЈЇ­ЪЈЇріарІ▓рѕх ріарЅарЅБ рІЅрѕхрїЦ ріе100рЅЦрѕГ ріЦрѕхріе 200рЅЦрѕГ рЅЦрЅ╗ рЅарѕЏрѕхріерЇѕрѕЇ рІФрѕЅрЅарЅх рІхрѕерѕх рЅарЇѕрїБріЋ рѕърЅ░рѕеріърЅ╗рЅйріЋ ріЦріЋрѕЇріГрѕЇрІЈрЅ│рѕѕріЋрЇб РџА№ИЈРџА№ИЈ рѕѕріГрЇЇрѕѕ рѕђрїѕрѕГ рІ░ріЋрЅаріърЅ╗рЅйріЋ рЅарѕўріљрѕљрѕфрІФ рЅаріЕрѕЇ ріарІхрѕГрїѕріЋ рЅарѕ╣рЇїрѕГ ріЦріЋрѕЇріФрѕѕріЋрЇб РЮЊ ріарІхрѕФрѕ╗ рЅЂрїЦрѕГ 1№ИЈРЃБ = рїЅрѕГрІхрѕЙрѕІ ріерѕ┤ріЋрЅИрѕф рѕърѕЇ рЅхріЋрѕй рІЮрЅЁ ріЦріЋрІ│рѕЅ ( рѕєрѕі рѕ▓рЅ▓ рѕ┤ріЋрЅ░рѕГ рѕърѕЇ ) рѕІрІГ ріЦріЋрІ░рїѕрЅА рЇірЅхрѕѕрЇірЅх ріерѕірЇЇрЅ▒ рЅарїЇрѕФ рЅаріЕрѕЇ рѕџрІЏріЋ рѕІрІГ M06 рЅЂрїЦрѕГ 2№ИЈРЃБ = рїђрѕъ рѕўрѕхрЅ│рІѕрЅх рЇІрЅЦрѕфріФ рїГрѕх рѕўрІЅрїФрІЅ рЇірЅх рѕѕрЇірЅх ( рѕФрѕљ рѕърѕЇ ) рїЇрѕФрІЅріЋрІх рЇЇрѕјрѕГ ріерІ░рѕерїЃрІЅ рїјріЋ RM G-06 (рЅхрѕЇрЅЂ рѕџріЊ рЇѕрѕГріњрЅИрѕГ рІФрѕѕрЅарЅх рѕЁріЋрЇЃ) РГљ№ИЈ ""рЅарѕърІ░рѕГріЋ ріЦрЅЃрІѕрІЈрЅй рѕѓрІѕрЅхрІјріЋ рѕърІ░рѕГріЊрІГрІЮ рІФрІхрѕГрїЅ ""РГљ№ИЈ",-1001649695480
5369,2025-01-16T07:38:02+00:00,,-1001649695480
5368,2025-01-16T07:38:02+00:00,,-1001649695480
5367,2025-01-16T07:38:02+00:00,,-1001649695480
5366,2025-01-16T07:38:01+00:00,"рЅ┤рѕїрїЇрѕФрѕЮ­ЪФљ t.me/modernshoppingcenter ""рЅаріарІ▓рѕх ріљрїѕрѕе рѕЂрѕїрѕЮ рЅђрІ│рѕџрІЈрЅй ріљріЋ"" Рюћ№ИЈ рІерЇЇрѕФрЇЇрѕг ріаріЊ рІерЇЊрѕхрЅ│ рѕЏрїЦрѕѕрІФ Рюћ№ИЈ ріЦрѕхрЅ┤рѕѕрѕх ріЦрѕхрЅ▓рѕЇ рѕхрѕѕрѕєріљ рІерѕЏрІГрІЮрїЇ ріЦріЊ рѕерІўрѕЮ рѕІрѕѕ рїірІю рІерѕџрІФрїѕрѕѕрїЇрѕЇ Рюћ№ИЈ рѕѕріарїарЅЃрЅђрѕЮ рЅђрѕІрѕЇ 3рЅ▒ріЋ рЅа­ЪЊЦ ­Ъњх1500­Ъњх РўЃ№ИЈ рІерЅ▓ріГ рЅХріГ рЇћрїЃрЅйріЋріЋ рѕѕрѕЏрїЇріўрЅх рѕіріЋріЕріЋ рІГрїФріЉ РгЄ№ИЈ http://tiktok.com/@modernshoppingcenter1 ­ЪЊъ 0924743736 ­ЪЊъ 0974978584 рЅарѕхрѕФрЅйріЋ рѕІрІГ рЅЁрѕгрЅ│ ріФрѕѕрІјрЅх рЅЦрЅ╗ рЅарІџрѕЁ рѕхрѕЇріГ рІ░рІЅрѕѕрІЅ рІФрѕ│рІЅрЅЂріЋрЇб ­Ъћй ­ЪЊъ 0961373839 Рюѕ№ИЈ рІерѕўрѕерїАрЅхріЋ ріЦрЅЃ рѕѕрѕЏрІўрІЮ ріерЅ│рЅй рЅБрѕѕрІЅ рІерЅ┤рѕїрїЇрѕФрѕЮ ріарІхрѕФрѕ╗ рІГрѕІріЕрѕЇріЋ ­Ъњг t.me/modernshopping1 ­Ъњг t.me/modernshopping2 ­ЪЈЇ­ЪЈЇріарІ▓рѕх ріарЅарЅБ рІЅрѕхрїЦ ріе100рЅЦрѕГ ріЦрѕхріе 200рЅЦрѕГ рЅЦрЅ╗ рЅарѕЏрѕхріерЇѕрѕЇ рІФрѕЅрЅарЅх рІхрѕерѕх рЅарЇѕрїБріЋ рѕърЅ░рѕеріърЅ╗рЅйріЋ ріЦріЋрѕЇріГрѕЇрІЈрЅ│рѕѕріЋрЇб РџА№ИЈРџА№ИЈ рѕѕріГрЇЇрѕѕ рѕђрїѕрѕГ рІ░ріЋрЅаріърЅ╗рЅйріЋ рЅарѕўріљрѕљрѕфрІФ рЅаріЕрѕЇ ріарІхрѕГрїѕріЋ рЅарѕ╣рЇїрѕГ ріЦріЋрѕЇріФрѕѕріЋрЇб РЮЊ ріарІхрѕФрѕ╗ рЅЂрїЦрѕГ 1№ИЈРЃБ = рїЅрѕГрІхрѕЙрѕІ ріерѕ┤ріЋрЅИрѕф рѕърѕЇ рЅхріЋрѕй рІЮрЅЁ ріЦріЋрІ│рѕЅ ( рѕєрѕі рѕ▓рЅ▓ рѕ┤ріЋрЅ░рѕГ рѕърѕЇ ) рѕІрІГ ріЦріЋрІ░рїѕрЅА рЇірЅхрѕѕрЇірЅх ріерѕірЇЇрЅ▒ рЅарїЇрѕФ рЅаріЕрѕЇ рѕџрІЏріЋ рѕІрІГ M06 рЅЂрїЦрѕГ 2№ИЈРЃБ = рїђрѕъ рѕўрѕхрЅ│рІѕрЅх рЇІрЅЦрѕфріФ рїГрѕх рѕўрІЅрїФрІЅ рЇірЅх рѕѕрЇірЅх ( рѕФрѕљ рѕърѕЇ ) рїЇрѕФрІЅріЋрІх рЇЇрѕјрѕГ ріерІ░рѕерїЃрІЅ рїјріЋ RM G-06 (рЅхрѕЇрЅЂ рѕџріЊ рЇѕрѕГріњрЅИрѕГ рІФрѕѕрЅарЅх рѕЁріЋрЇЃ) РГљ№ИЈ ""рЅарѕърІ░рѕГріЋ ріЦрЅЃрІѕрІЈрЅй рѕѓрІѕрЅхрІјріЋ рѕърІ░рѕГріЊрІГрІЮ рІФрІхрѕГрїЅ ""РГљ№ИЈ",-1001649695480
5365,2025-01-15T08:21:58+00:00,"­ЪћЦ рЅ░рїђрѕўрѕе ­ЪњАрЅ░рїђрѕўрѕе­ЪњА рЅ░рїђрѕўрѕе ­ЪћЦ ­ЪјёрѕЇрІЕ ріЦрІЅріљрЅ░ріЏ рІерЅарІЊрѕЇ рЅЁріЊрѕй­Ъјё ­Ъјё ріерЅ│рѕЁрѕ│рѕх 21 ріЦрѕхріе рїЦрѕГ 7 рІхрѕерѕх рІерѕџрЅєрІГ ріЦрІЅріљрЅ░ріЏ рЅЁріЊрѕй ріарІхрѕГрїѕріЊрѕЇрЇб­Ъјё ­ЪДд­ЪјЂ­ЪДИ ріЦріЋрІ▓рѕЂрѕЮ рЅаріљрІџрѕЂ рЅђріЊрЅХрЅй ріе3000­Ъњх рЅарѕІрІГ рѕѕрѕџрїѕрІЎ рІ░ріЋрЅаріърЅ╗рЅйріЋ­ЪјЂ рѕЇрІЕ рІерЅарІЊрѕЇ рѕхрїдрЅ│ ріарІўрїІрїЁрЅ░ріЊрѕЇ­ЪјЂ­ЪјЂ­ЪДд ­Ъћц рі│рѕірЅ▓ рІерІЅрѕђ рїєрїЇ ­Ъћц 6 рѕўрїарїФ рЅЦрѕГрїГрЅє рІФрѕѕрІЅ ­Ъћц ріеріЋрЇЂрѕЁ рїарѕГрѕЎрѕх рІерЅ░рѕ░рѕФ ­Ъћц рѕЏрЅЁрѕерЅбрІФрІЅ ріГрІ│ріЉ рІеріЦріЋрїерЅх ­Ъћц рѕѕрѕФрѕхрІј рЅбрѕЅ рѕѕрѕхрїдрЅ│ рЅ░рѕўрѕФрїГ ­Ъћц рѕѕріарїарЅЃрЅђрѕЮ рЅђрѕІрѕЇ рЅа­ЪЉј РЮї3000РЮї Рюћ№ИЈ2800Рюћ№ИЈ РўЃ№ИЈ рІерЅ▓ріГ рЅХріГ рЇћрїЃрЅйріЋріЋ рѕѕрѕЏрїЇріўрЅх рѕіріЋріЕріЋ рІГрїФріЉ РгЄ№ИЈ http://tiktok.com/@modernshoppingcenter1 ­ЪЊъ 0924743736 ­ЪЊъ 0974978584 рЅарѕхрѕФрЅйріЋ рѕІрІГ рЅЁрѕгрЅ│ ріФрѕѕрІјрЅх рЅЦрЅ╗ рЅарІџрѕЁ рѕхрѕЇріГ рІ░рІЅрѕѕрІЅ рІФрѕ│рІЅрЅЂріЋрЇб ­Ъјё ­ЪЊъ 0961373839 Рюѕ№ИЈ рІерѕўрѕерїАрЅхріЋ ріЦрЅЃ рѕѕрѕЏрІўрІЮ ріерЅ│рЅй рЅБрѕѕрІЅ рІерЅ┤рѕїрїЇрѕФрѕЮ ріарІхрѕФрѕ╗ рІГрѕІріЕрѕЇріЋ ­Ъњг t.me/modernshopping1 ­Ъњг t.me/modernshopping2 ­Ъџџ ріарІ▓рѕх ріарЅарЅБ рІЅрѕхрїЦ ріе100рЅЦрѕГ ріЦрѕхріе 200рЅЦрѕГ рЅЦрЅ╗ рЅарѕЏрѕхріерЇѕрѕЇ рІФрѕЅрЅарЅх рІхрѕерѕх рЅарЇѕрїБріЋ рѕърЅ░рѕеріърЅ╗рЅйріЋ ріЦріЋрѕЇріГрѕЇрІЈрЅ│рѕѕріЋрЇб ­ЪџЌ рѕѕріГрЇЇрѕѕ рѕђрїѕрѕГ рІ░ріЋрЅаріърЅ╗рЅйріЋ рЅарѕўріљрѕљрѕфрІФ рЅаріЕрѕЇ ріарІхрѕГрїѕріЋ рЅарѕ╣рЇїрѕГ ріЦріЋрѕЇріФрѕѕріЋрЇб РЮЊ ріарІхрѕФрѕ╗ рЅЂрїЦрѕГ 1№ИЈРЃБ = рїЅрѕГрІхрѕЙрѕІ ріерѕ┤ріЋрЅИрѕф рѕърѕЇ рЅхріЋрѕй рІЮрЅЁ ріЦріЋрІ│рѕЅ ( рѕєрѕі рѕ▓рЅ▓ рѕ┤ріЋрЅ░рѕГ рѕърѕЇ ) рѕІрІГ ріЦріЋрІ░рїѕрЅА рЇірЅхрѕѕрЇірЅх ріерѕірЇЇрЅ▒ рЅарїЇрѕФ рЅаріЕрѕЇ рѕџрІЏріЋ рѕІрІГ M06 рЅЂрїЦрѕГ 2№ИЈРЃБ = рїђрѕъ рѕўрѕхрЅ│рІѕрЅх рЇІрЅЦрѕфріФ рїГрѕх рѕўрІЅрїФрІЅ рЇірЅх рѕѕрЇірЅх ( рѕФрѕљ рѕърѕЇ ) рїЇрѕФрІЅріЋрІх рЇЇрѕјрѕГ ріерІ░рѕерїЃрІЅ рїјріЋ RM G-06 (рЅхрѕЇрЅЂ рѕџріЊ рЇѕрѕГріњрЅИрѕГ рІФрѕѕрЅарЅх рѕЁріЋрЇЃ) РГљ№ИЈ ""рЅарѕърІ░рѕГріЋ ріЦрЅЃрІѕрІЈрЅй рѕѓрІѕрЅхрІјріЋ рѕърІ░рѕГріЊрІГрІЮ рІФрІхрѕГрїЅ ""РГљ№ИЈ",-1001649695480
5364,2025-01-14T11:44:37+00:00,"­ЪћЦ рЅ░рїђрѕўрѕе ­ЪњАрЅ░рїђрѕўрѕе­ЪњА рЅ░рїђрѕўрѕе ­ЪћЦ ­ЪјёрѕЇрІЕ ріЦрІЅріљрЅ░ріЏ рІерЅарІЊрѕЇ рЅЁріЊрѕй­Ъјё ­Ъјё ріерЅ│рѕЁрѕ│рѕх 21 ріЦрѕхріе рїЦрѕГ 7 рІхрѕерѕх рІерѕџрЅєрІГ ріЦрІЅріљрЅ░ріЏ рЅЁріЊрѕй ріарІхрѕГрїѕріЊрѕЇрЇб­Ъјё ­ЪДд­ЪјЂ­ЪДИ ріЦріЋрІ▓рѕЂрѕЮ рЅаріљрІџрѕЂ рЅђріЊрЅХрЅй ріе3000­Ъњх рЅарѕІрІГ рѕѕрѕџрїѕрІЎ рІ░ріЋрЅаріърЅ╗рЅйріЋ­ЪјЂ рѕЇрІЕ рІерЅарІЊрѕЇ рѕхрїдрЅ│ ріарІўрїІрїЁрЅ░ріЊрѕЇ­ЪјЂ­ЪјЂ­ЪДд ­Ъћц рІеріарЅхріГрѕЇрЅх рІѕрІГрѕЮ рІерѕ░рѕІрїБ рѕЏрЅЁрѕерЅбрІФ ­Ъћц 2 рІерѕФрѕ▒ рІЇрЅЦ рІерѕєріЉ рѕЏрІЇрїФ рѕўрѕ░ріфрІФрІјрЅй рІФрѕЅрЅх ­Ъћц ріеріЋрЇЂрѕЁ ріаріГрѕгрѕіріГ рІерЅ░рѕ░рѕФ ­Ъћц рІЇрЅЦ ріЊ рѕЏрѕФріф ріЦрЅЃ ­Ъћц рЅарЅхрѕЇрЅЂ рѕўрїаріЋ рІерЅђрѕерЅа ­Ъћц рѕѕріарїарЅЃрЅђрѕЮ рЅђрѕІрѕЇ рЅа­ЪЉј РЮї2200РЮї Рюћ№ИЈ2000Рюћ№ИЈ РўЃ№ИЈ рІерЅ▓ріГ рЅХріГ рЇћрїЃрЅйріЋріЋ рѕѕрѕЏрїЇріўрЅх рѕіріЋріЕріЋ рІГрїФріЉ РгЄ№ИЈ http://tiktok.com/@modernshoppingcenter1 ­ЪЊъ 0924743736 ­ЪЊъ 0974978584 рЅарѕхрѕФрЅйріЋ рѕІрІГ рЅЁрѕгрЅ│ ріФрѕѕрІјрЅх рЅЦрЅ╗ рЅарІџрѕЁ рѕхрѕЇріГ рІ░рІЅрѕѕрІЅ рІФрѕ│рІЅрЅЂріЋрЇб ­Ъјё ­ЪЊъ 0961373839 Рюѕ№ИЈ рІерѕўрѕерїАрЅхріЋ ріЦрЅЃ рѕѕрѕЏрІўрІЮ ріерЅ│рЅй рЅБрѕѕрІЅ рІерЅ┤рѕїрїЇрѕФрѕЮ ріарІхрѕФрѕ╗ рІГрѕІріЕрѕЇріЋ ­Ъњг t.me/modernshopping1 ­Ъњг t.me/modernshopping2 ­Ъџџ ріарІ▓рѕх ріарЅарЅБ рІЅрѕхрїЦ ріе100рЅЦрѕГ ріЦрѕхріе 200рЅЦрѕГ рЅЦрЅ╗ рЅарѕЏрѕхріерЇѕрѕЇ рІФрѕЅрЅарЅх рІхрѕерѕх рЅарЇѕрїБріЋ рѕърЅ░рѕеріърЅ╗рЅйріЋ ріЦріЋрѕЇріГрѕЇрІЈрЅ│рѕѕріЋрЇб ­ЪџЌ рѕѕріГрЇЇрѕѕ рѕђрїѕрѕГ рІ░ріЋрЅаріърЅ╗рЅйріЋ рЅарѕўріљрѕљрѕфрІФ рЅаріЕрѕЇ ріарІхрѕГрїѕріЋ рЅарѕ╣рЇїрѕГ ріЦріЋрѕЇріФрѕѕріЋрЇб РЮЊ ріарІхрѕФрѕ╗ рЅЂрїЦрѕГ 1№ИЈРЃБ = рїЅрѕГрІхрѕЙрѕІ ріерѕ┤ріЋрЅИрѕф рѕърѕЇ рЅхріЋрѕй рІЮрЅЁ ріЦріЋрІ│рѕЅ ( рѕєрѕі рѕ▓рЅ▓ рѕ┤ріЋрЅ░рѕГ рѕърѕЇ ) рѕІрІГ ріЦріЋрІ░рїѕрЅА рЇірЅхрѕѕрЇірЅх ріерѕірЇЇрЅ▒ рЅарїЇрѕФ рЅаріЕрѕЇ рѕџрІЏріЋ рѕІрІГ M06 рЅЂрїЦрѕГ 2№ИЈРЃБ = рїђрѕъ рѕўрѕхрЅ│рІѕрЅх рЇІрЅЦрѕфріФ рїГрѕх рѕўрІЅрїФрІЅ рЇірЅх рѕѕрЇірЅх ( рѕФрѕљ рѕърѕЇ ) рїЇрѕФрІЅріЋрІх рЇЇрѕјрѕГ ріерІ░рѕерїЃрІЅ рїјріЋ RM G-06 (рЅхрѕЇрЅЂ рѕџріЊ рЇѕрѕГріњрЅИрѕГ рІФрѕѕрЅарЅх рѕЁріЋрЇЃ) РГљ№ИЈ ""рЅарѕърІ░рѕГріЋ ріЦрЅЃрІѕрІЈрЅй рѕѓрІѕрЅхрІјріЋ рѕърІ░рѕГріЊрІГрІЮ рІФрІхрѕГрїЅ ""РГљ№ИЈ",-1001649695480
5363,2025-01-13T13:29:42+00:00,,-1001649695480
5362,2025-01-13T13:29:42+00:00,,-1001649695480
5361,2025-01-13T13:29:42+00:00,,-1001649695480
5360,2025-01-13T13:29:42+00:00,"­ЪћЦ рЅ░рїђрѕўрѕе ­ЪњАрЅ░рїђрѕўрѕе­ЪњА рЅ░рїђрѕўрѕе ­ЪћЦ ­ЪјёрѕЇрІЕ ріЦрІЅріљрЅ░ріЏ рІерЅарІЊрѕЇ рЅЁріЊрѕй­Ъјё ­Ъјё ріерЅ│рѕЁрѕ│рѕх 21 ріЦрѕхріе рїЦрѕГ 7 рІхрѕерѕх рІерѕџрЅєрІГ ріЦрІЅріљрЅ░ріЏ рЅЁріЊрѕй ріарІхрѕГрїѕріЊрѕЇрЇб­Ъјё ­ЪДд­ЪјЂ­ЪДИ ріЦріЋрІ▓рѕЂрѕЮ рЅаріљрІџрѕЂ рЅђріЊрЅХрЅй ріе3000­Ъњх рЅарѕІрІГ рѕѕрѕџрїѕрІЎ рІ░ріЋрЅаріърЅ╗рЅйріЋ­ЪјЂ рѕЇрІЕ рІерЅарІЊрѕЇ рѕхрїдрЅ│ ріарІўрїІрїЁрЅ░ріЊрѕЇ­ЪјЂ­ЪјЂ­ЪДд ­Ъћц­Ъћц­Ъћц­Ъћц ­Ъћц­Ъћц­Ъћц­Ъћц­Ъћц ­Ъћц Roti maker ­Ъћц рЅѓрїБрЇБ рЅ╗рЇЊрЅ▓ ріЦріЊ рЇѕрїбрѕФ рІерѕўрѕ│рѕ░рѕЅрЅхріЋ рЅарЅђрѕІрѕЅ рѕўрѕхрѕФрЅх рІерѕџрЅйрѕЇ ­Ъћц рЇЋрѕїрЅ▒ non stick рІерѕєріљ ­Ъћц рѕірїА ріЦріЋрІ│рІГрЇѕрѕх рІЎрѕфрІФрІЅ рѕІрІГ рѕўрїѕрІ░рЅбрІФ рІФрѕѕрІЅ ­Ъћц made in india рІерѕєріљ ­Ъћц рѕѕріарїарЅЃрЅђрѕЮ рЅђрѕІрѕЇ рЅа­ЪЉј РЮї4600РЮї Рюћ№ИЈ4300Рюћ№ИЈ РўЃ№ИЈ рІерЅ▓ріГ рЅХріГ рЇћрїЃрЅйріЋріЋ рѕѕрѕЏрїЇріўрЅх рѕіріЋріЕріЋ рІГрїФріЉ РгЄ№ИЈ http://tiktok.com/@modernshoppingcenter1 ­ЪЊъ 0924743736 ­ЪЊъ 0974978584 рЅарѕхрѕФрЅйріЋ рѕІрІГ рЅЁрѕгрЅ│ ріФрѕѕрІјрЅх рЅЦрЅ╗ рЅарІџрѕЁ рѕхрѕЇріГ рІ░рІЅрѕѕрІЅ рІФрѕ│рІЅрЅЂріЋрЇб ­Ъјё ­ЪЊъ 0961373839 Рюѕ№ИЈ рІерѕўрѕерїАрЅхріЋ ріЦрЅЃ рѕѕрѕЏрІўрІЮ ріерЅ│рЅй рЅБрѕѕрІЅ рІерЅ┤рѕїрїЇрѕФрѕЮ ріарІхрѕФрѕ╗ рІГрѕІріЕрѕЇріЋ ­Ъњг t.me/modernshopping1 ­Ъњг t.me/modernshopping2 ­Ъџџ ріарІ▓рѕх ріарЅарЅБ рІЅрѕхрїЦ ріе100рЅЦрѕГ ріЦрѕхріе 200рЅЦрѕГ рЅЦрЅ╗ рЅарѕЏрѕхріерЇѕрѕЇ рІФрѕЅрЅарЅх рІхрѕерѕх рЅарЇѕрїБріЋ рѕърЅ░рѕеріърЅ╗рЅйріЋ ріЦріЋрѕЇріГрѕЇрІЈрЅ│рѕѕріЋрЇб ­ЪџЌ рѕѕріГрЇЇрѕѕ рѕђрїѕрѕГ рІ░ріЋрЅаріърЅ╗рЅйріЋ рЅарѕўріљрѕљрѕфрІФ рЅаріЕрѕЇ ріарІхрѕГрїѕріЋ рЅарѕ╣рЇїрѕГ ріЦріЋрѕЇріФрѕѕріЋрЇб РЮЊ ріарІхрѕФрѕ╗ рЅЂрїЦрѕГ 1№ИЈРЃБ = рїЅрѕГрІхрѕЙрѕІ ріерѕ┤ріЋрЅИрѕф рѕърѕЇ рЅхріЋрѕй рІЮрЅЁ ріЦріЋрІ│рѕЅ ( рѕєрѕі рѕ▓рЅ▓ рѕ┤ріЋрЅ░рѕГ рѕърѕЇ ) рѕІрІГ ріЦріЋрІ░рїѕрЅА рЇірЅхрѕѕрЇірЅх ріерѕірЇЇрЅ▒ рЅарїЇрѕФ рЅаріЕрѕЇ рѕџрІЏріЋ рѕІрІГ M06 рЅЂрїЦрѕГ 2№ИЈРЃБ = рїђрѕъ рѕўрѕхрЅ│рІѕрЅх рЇІрЅЦрѕфріФ рїГрѕх рѕўрІЅрїФрІЅ рЇірЅх рѕѕрЇірЅх ( рѕФрѕљ рѕърѕЇ ) рїЇрѕФрІЅріЋрІх рЇЇрѕјрѕГ ріерІ░рѕерїЃрІЅ рїјріЋ RM G-06 (рЅхрѕЇрЅЂ рѕџріЊ рЇѕрѕГріњрЅИрѕГ рІФрѕѕрЅарЅх рѕЁріЋрЇЃ) РГљ№ИЈ ""рЅарѕърІ░рѕГріЋ ріЦрЅЃрІѕрІЈрЅй рѕѓрІѕрЅхрІјріЋ рѕърІ░рѕГріЊрІГрІЮ рІФрІхрѕГрїЅ ""РГљ№ИЈ",-1001649695480
5359,2025-01-13T06:21:48+00:00,"­ЪћЦ рЅ░рїђрѕўрѕе ­ЪњАрЅ░рїђрѕўрѕе­ЪњА рЅ░рїђрѕўрѕе ­ЪћЦ ­ЪјёрѕЇрІЕ ріЦрІЅріљрЅ░ріЏ рІерЅарІЊрѕЇ рЅЁріЊрѕй­Ъјё ­Ъјё ріерЅ│рѕЁрѕ│рѕх 21 ріЦрѕхріе рїЦрѕГ 7 рІхрѕерѕх рІерѕџрЅєрІГ ріЦрІЅріљрЅ░ріЏ рЅЁріЊрѕй ріарІхрѕГрїѕріЊрѕЇрЇб­Ъјё ­ЪДд­ЪјЂ­ЪДИ ріЦріЋрІ▓рѕЂрѕЮ рЅаріљрІџрѕЂ рЅђріЊрЅХрЅй ріе3000­Ъњх рЅарѕІрІГ рѕѕрѕџрїѕрІЎ рІ░ріЋрЅаріърЅ╗рЅйріЋ­ЪјЂ рѕЇрІЕ рІерЅарІЊрѕЇ рѕхрїдрЅ│ ріарІўрїІрїЁрЅ░ріЊрѕЇ­ЪјЂ­ЪјЂ­ЪДд Рюћ№ИЈ рІерѕ╗рІГ ріЊ рІерЅЦріЊ рѕЏріЋріфрІФ Рюћ№ИЈ 6 рѕЏріЋріфрІФ рІерѕєріљ Рюћ№ИЈ рЅђрѕѕрѕЎ рІерѕЏрІГрѕѕрЅЁ Рюћ№ИЈ рѕѕрїѕрЅарЅ│рІј рЅ░рїерѕЏрѕф рІЇрЅарЅх рІерѕџрѕ░рїЦ рЅа­ЪЉј РЮї600РЮї Рюћ№ИЈ500Рюћ№ИЈ РўЃ№ИЈ рІерЅ▓ріГ рЅХріГ рЇћрїЃрЅйріЋріЋ рѕѕрѕЏрїЇріўрЅх рѕіріЋріЕріЋ рІГрїФріЉ РгЄ№ИЈ http://tiktok.com/@modernshoppingcenter1 ­ЪЊъ 0924743736 ­ЪЊъ 0974978584 рЅарѕхрѕФрЅйріЋ рѕІрІГ рЅЁрѕгрЅ│ ріФрѕѕрІјрЅх рЅЦрЅ╗ рЅарІџрѕЁ рѕхрѕЇріГ рІ░рІЅрѕѕрІЅ рІФрѕ│рІЅрЅЂріЋрЇб ­Ъјё ­ЪЊъ 0961373839 Рюѕ№ИЈ рІерѕўрѕерїАрЅхріЋ ріЦрЅЃ рѕѕрѕЏрІўрІЮ ріерЅ│рЅй рЅБрѕѕрІЅ рІерЅ┤рѕїрїЇрѕФрѕЮ ріарІхрѕФрѕ╗ рІГрѕІріЕрѕЇріЋ ­Ъњг t.me/modernshopping1 ­Ъњг t.me/modernshopping2 ­Ъџџ ріарІ▓рѕх ріарЅарЅБ рІЅрѕхрїЦ ріе100рЅЦрѕГ ріЦрѕхріе 200рЅЦрѕГ рЅЦрЅ╗ рЅарѕЏрѕхріерЇѕрѕЇ рІФрѕЅрЅарЅх рІхрѕерѕх рЅарЇѕрїБріЋ рѕърЅ░рѕеріърЅ╗рЅйріЋ ріЦріЋрѕЇріГрѕЇрІЈрЅ│рѕѕріЋрЇб ­ЪџЌ рѕѕріГрЇЇрѕѕ рѕђрїѕрѕГ рІ░ріЋрЅаріърЅ╗рЅйріЋ рЅарѕўріљрѕљрѕфрІФ рЅаріЕрѕЇ ріарІхрѕГрїѕріЋ рЅарѕ╣рЇїрѕГ ріЦріЋрѕЇріФрѕѕріЋрЇб РЮЊ ріарІхрѕФрѕ╗ рЅЂрїЦрѕГ 1№ИЈРЃБ = рїЅрѕГрІхрѕЙрѕІ ріерѕ┤ріЋрЅИрѕф рѕърѕЇ рЅхріЋрѕй рІЮрЅЁ ріЦріЋрІ│рѕЅ ( рѕєрѕі рѕ▓рЅ▓ рѕ┤ріЋрЅ░рѕГ рѕърѕЇ ) рѕІрІГ ріЦріЋрІ░рїѕрЅА рЇірЅхрѕѕрЇірЅх ріерѕірЇЇрЅ▒ рЅарїЇрѕФ рЅаріЕрѕЇ рѕџрІЏріЋ рѕІрІГ M06 рЅЂрїЦрѕГ 2№ИЈРЃБ = рїђрѕъ рѕўрѕхрЅ│рІѕрЅх рЇІрЅЦрѕфріФ рїГрѕх рѕўрІЅрїФрІЅ рЇірЅх рѕѕрЇірЅх ( рѕФрѕљ рѕърѕЇ ) рїЇрѕФрІЅріЋрІх рЇЇрѕјрѕГ ріерІ░рѕерїЃрІЅ рїјріЋ RM G-06 (рЅхрѕЇрЅЂ рѕџріЊ рЇѕрѕГріњрЅИрѕГ рІФрѕѕрЅарЅх рѕЁріЋрЇЃ) РГљ№ИЈ ""рЅарѕърІ░рѕГріЋ ріЦрЅЃрІѕрІЈрЅй рѕѓрІѕрЅхрІјріЋ рѕърІ░рѕГріЊрІГрІЮ рІФрІхрѕГрїЅ ""РГљ№ИЈ",-1001649695480
5358,2025-01-11T18:50:43+00:00,­ЪЉЇ­ЪЉЇ­ЪЉЇ­ЪЉЇ­ЪЉЇ­ЪЉЇ­ЪЉЇ­ЪЉЇ­ЪЉЇ­ЪЉЇ рЅарѕерЇЇрЅх рЅђріЋрІј ріЦрІерЅ░рІЮріЊріЉ рѕўрїѕрЅЦрІерЅх ріерЇѕрѕѕрїЅ ­ЪўЅ рЅа 2рЅ▒рѕЮ рЅЁрѕГріЋрїФрЇјрЅ╗рЅйріЋ ріерїарІІрЅ▒ 2:30 ріЦрѕхріе рЅђріЉ 10:00 ріГрЇЇрЅх рѕєріљрІЅ рІГрїарЅЦрЅєрІјрЅ│рѕЇ­ЪЉЇ,-1001649695480
5357,2025-01-11T11:12:43+00:00,,-1001649695480
5356,2025-01-11T11:12:43+00:00,,-1001649695480
5355,2025-01-11T11:12:43+00:00,,-1001649695480
5354,2025-01-11T11:12:43+00:00,"­ЪћЦ рЅ░рїђрѕўрѕе ­ЪњАрЅ░рїђрѕўрѕе­ЪњА рЅ░рїђрѕўрѕе ­ЪћЦ ­ЪјёрѕЇрІЕ ріЦрІЅріљрЅ░ріЏ рІерЅарІЊрѕЇ рЅЁріЊрѕй­Ъјё ­Ъјё ріерЅ│рѕЁрѕ│рѕх 21 ріЦрѕхріе рїЦрѕГ 7 рІхрѕерѕх рІерѕџрЅєрІГ ріЦрІЅріљрЅ░ріЏ рЅЁріЊрѕй ріарІхрѕГрїѕріЊрѕЇрЇб­Ъјё ­ЪДд­ЪјЂ­ЪДИ ріЦріЋрІ▓рѕЂрѕЮ рЅаріљрІџрѕЂ рЅђріЊрЅХрЅй ріе3000­Ъњх рЅарѕІрІГ рѕѕрѕџрїѕрІЎ рІ░ріЋрЅаріърЅ╗рЅйріЋ­ЪјЂ рѕЇрІЕ рІерЅарІЊрѕЇ рѕхрїдрЅ│ ріарІўрїІрїЁрЅ░ріЊрѕЇ­ЪјЂ­ЪјЂ­ЪДд ­Ъћа­Ъћа­Ъћа­Ъћа ­Ъћа­Ъћа­ЪЁ░№ИЈ­Ъћа­Ъћа ­Ъћа­Ъћа­Ъћа ­Ъћа­Ъћа­Ъћа­Ъћа­Ъћа­ЪЁ░№ИЈ­Ъћа­Ъћа ­Ъћц рІерІѕрїЦ рѕЏрЅЁрѕерЅбрІФ ріЦріЊ рѕЏрЅЦрѕ░рІФ ­Ъћц рѕЎрЅђрЅхріЋ рѕўрЅІрЅІрѕЮ рІерѕџрЅйрѕЇ ­Ъћц 1.8 рѕїрЅхрѕГ рІерѕўрІФрІЮ ріарЅЁрѕЮ рІФрѕѕрІЇ ­Ъћц Electric Stove, Gass Stove and microwave рѕІрІГ рѕўрїарЅђрѕЮ рІерѕџрІФрѕхрЅйрѕЇ ­Ъћц ріЦрїђрЅ│рІЇ ріЦріЋрїерЅх рІерѕєріљ ­Ъћц рѕѕрЅцрЅХ рЅ░рїерѕЏрѕф рІЇрЅарЅх рІерѕџрѕєріЋ ­Ъћц рѕѕрѕЏрЇЁрІ│рЅх рЅђрѕІрѕЇ рЅа­ЪЉј РЮї2600РЮї Рюћ№ИЈ2450Рюћ№ИЈ РўЃ№ИЈ рІерЅ▓ріГ рЅХріГ рЇћрїЃрЅйріЋріЋ рѕѕрѕЏрїЇріўрЅх рѕіріЋріЕріЋ рІГрїФріЉ РгЄ№ИЈ http://tiktok.com/@modernshoppingcenter1 ­ЪЊъ 0924743736 ­ЪЊъ 0974978584 рЅарѕхрѕФрЅйріЋ рѕІрІГ рЅЁрѕгрЅ│ ріФрѕѕрІјрЅх рЅЦрЅ╗ рЅарІџрѕЁ рѕхрѕЇріГ рІ░рІЅрѕѕрІЅ рІФрѕ│рІЅрЅЂріЋрЇб ­Ъјё ­ЪЊъ 0961373839 Рюѕ№ИЈ рІерѕўрѕерїАрЅхріЋ ріЦрЅЃ рѕѕрѕЏрІўрІЮ ріерЅ│рЅй рЅБрѕѕрІЅ рІерЅ┤рѕїрїЇрѕФрѕЮ ріарІхрѕФрѕ╗ рІГрѕІріЕрѕЇріЋ ­Ъњг t.me/modernshopping1 ­Ъњг t.me/modernshopping2 ­Ъџџ ріарІ▓рѕх ріарЅарЅБ рІЅрѕхрїЦ ріе100рЅЦрѕГ ріЦрѕхріе 200рЅЦрѕГ рЅЦрЅ╗ рЅарѕЏрѕхріерЇѕрѕЇ рІФрѕЅрЅарЅх рІхрѕерѕх рЅарЇѕрїБріЋ рѕърЅ░рѕеріърЅ╗рЅйріЋ ріЦріЋрѕЇріГрѕЇрІЈрЅ│рѕѕріЋрЇб ­ЪџЌ рѕѕріГрЇЇрѕѕ рѕђрїѕрѕГ рІ░ріЋрЅаріърЅ╗рЅйріЋ рЅарѕўріљрѕљрѕфрІФ рЅаріЕрѕЇ ріарІхрѕГрїѕріЋ рЅарѕ╣рЇїрѕГ ріЦріЋрѕЇріФрѕѕріЋрЇб РЮЊ ріарІхрѕФрѕ╗ рЅЂрїЦрѕГ 1№ИЈРЃБ = рїЅрѕГрІхрѕЙрѕІ ріерѕ┤ріЋрЅИрѕф рѕърѕЇ рЅхріЋрѕй рІЮрЅЁ ріЦріЋрІ│рѕЅ ( рѕєрѕі рѕ▓рЅ▓ рѕ┤ріЋрЅ░рѕГ рѕърѕЇ ) рѕІрІГ ріЦріЋрІ░рїѕрЅА рЇірЅхрѕѕрЇірЅх ріерѕірЇЇрЅ▒ рЅарїЇрѕФ рЅаріЕрѕЇ рѕџрІЏріЋ рѕІрІГ M06 рЅЂрїЦрѕГ 2№ИЈРЃБ = рїђрѕъ рѕўрѕхрЅ│рІѕрЅх рЇІрЅЦрѕфріФ рїГрѕх рѕўрІЅрїФрІЅ рЇірЅх рѕѕрЇірЅх ( рѕФрѕљ рѕърѕЇ ) рїЇрѕФрІЅріЋрІх рЇЇрѕјрѕГ ріерІ░рѕерїЃрІЅ рїјріЋ RM G-06 (рЅхрѕЇрЅЂ рѕџріЊ рЇѕрѕГріњрЅИрѕГ рІФрѕѕрЅарЅх рѕЁріЋрЇЃ) РГљ№ИЈ ""рЅарѕърІ░рѕГріЋ ріЦрЅЃрІѕрІЈрЅй рѕѓрІѕрЅхрІјріЋ рѕърІ░рѕГріЊрІГрІЮ рІФрІхрѕГрїЅ ""РГљ№ИЈ",-1001649695480
5353,2025-01-10T12:54:24+00:00,,-1001649695480
5352,2025-01-10T12:54:24+00:00,,-1001649695480
5351,2025-01-10T12:54:24+00:00,"­ЪћЦ рЅ░рїђрѕўрѕе ­ЪњАрЅ░рїђрѕўрѕе­ЪњА рЅ░рїђрѕўрѕе ­ЪћЦ ­ЪјёрѕЇрІЕ ріЦрІЅріљрЅ░ріЏ рІерЅарІЊрѕЇ рЅЁріЊрѕй­Ъјё ­Ъјё ріерЅ│рѕЁрѕ│рѕх 21 ріЦрѕхріе рїЦрѕГ 7 рІхрѕерѕх рІерѕџрЅєрІГ ріЦрІЅріљрЅ░ріЏ рЅЁріЊрѕй ріарІхрѕГрїѕріЊрѕЇрЇб­Ъјё ­ЪДд­ЪјЂ­ЪДИ ріЦріЋрІ▓рѕЂрѕЮ рЅаріљрІџрѕЂ рЅђріЊрЅХрЅй ріе3000­Ъњх рЅарѕІрІГ рѕѕрѕџрїѕрІЎ рІ░ріЋрЅаріърЅ╗рЅйріЋ­ЪјЂ рѕЇрІЕ рІерЅарІЊрѕЇ рѕхрїдрЅ│ ріарІўрїІрїЁрЅ░ріЊрѕЇ­ЪјЂ­ЪјЂ­ЪДд ­Ъћц 100% рідрѕГрїѓріЊрѕЇ рЅбрѕІ рѕ┤рЅх ­Ъћц рЅарїБрѕЮ рѕхрѕЇріЊ рїаріЋріФрѕФ ­Ъћц 3 рІерЅ░рѕѕрІФрІе рѕўрїаріЋ рІФрѕІрЅИрІЇ рЅбрѕІрІјрЅй ­Ъћц 1 рѕўріерЅхріерЅ╗ ­Ъћц 1рѕўрїЦрЅђрѕх ­Ъћц 1рІеріарЅхріГрѕЇрЅх рѕўрЇѕрЅЁрЇѕрЅѓрІФ ­Ъћц рІерѕЏрІГрІЮрїЇ рІерѕЏрІГрѕ░рЅарѕГ рЅа­ЪЉј РЮї2100РЮї Рюћ№ИЈ1800Рюћ№ИЈ РўЃ№ИЈ рІерЅ▓ріГ рЅХріГ рЇћрїЃрЅйріЋріЋ рѕѕрѕЏрїЇріўрЅх рѕіріЋріЕріЋ рІГрїФріЉ РгЄ№ИЈ http://tiktok.com/@modernshoppingcenter1 ­ЪЊъ 0924743736 ­ЪЊъ 0974978584 рЅарѕхрѕФрЅйріЋ рѕІрІГ рЅЁрѕгрЅ│ ріФрѕѕрІјрЅх рЅЦрЅ╗ рЅарІџрѕЁ рѕхрѕЇріГ рІ░рІЅрѕѕрІЅ рІФрѕ│рІЅрЅЂріЋрЇб ­Ъјё ­ЪЊъ 0961373839 Рюѕ№ИЈ рІерѕўрѕерїАрЅхріЋ ріЦрЅЃ рѕѕрѕЏрІўрІЮ ріерЅ│рЅй рЅБрѕѕрІЅ рІерЅ┤рѕїрїЇрѕФрѕЮ ріарІхрѕФрѕ╗ рІГрѕІріЕрѕЇріЋ ­Ъњг t.me/modernshopping1 ­Ъњг t.me/modernshopping2 ­Ъџџ ріарІ▓рѕх ріарЅарЅБ рІЅрѕхрїЦ ріе100рЅЦрѕГ ріЦрѕхріе 200рЅЦрѕГ рЅЦрЅ╗ рЅарѕЏрѕхріерЇѕрѕЇ рІФрѕЅрЅарЅх рІхрѕерѕх рЅарЇѕрїБріЋ рѕърЅ░рѕеріърЅ╗рЅйріЋ ріЦріЋрѕЇріГрѕЇрІЈрЅ│рѕѕріЋрЇб ­ЪџЌ рѕѕріГрЇЇрѕѕ рѕђрїѕрѕГ рІ░ріЋрЅаріърЅ╗рЅйріЋ рЅарѕўріљрѕљрѕфрІФ рЅаріЕрѕЇ ріарІхрѕГрїѕріЋ рЅарѕ╣рЇїрѕГ ріЦріЋрѕЇріФрѕѕріЋрЇб РЮЊ ріарІхрѕФрѕ╗ рЅЂрїЦрѕГ 1№ИЈРЃБ = рїЅрѕГрІхрѕЙрѕІ ріерѕ┤ріЋрЅИрѕф рѕърѕЇ рЅхріЋрѕй рІЮрЅЁ ріЦріЋрІ│рѕЅ ( рѕєрѕі рѕ▓рЅ▓ рѕ┤ріЋрЅ░рѕГ рѕърѕЇ ) рѕІрІГ ріЦріЋрІ░рїѕрЅА рЇірЅхрѕѕрЇірЅх ріерѕірЇЇрЅ▒ рЅарїЇрѕФ рЅаріЕрѕЇ рѕџрІЏріЋ рѕІрІГ M06 рЅЂрїЦрѕГ 2№ИЈРЃБ = рїђрѕъ рѕўрѕхрЅ│рІѕрЅх рЇІрЅЦрѕфріФ рїГрѕх рѕўрІЅрїФрІЅ рЇірЅх рѕѕрЇірЅх ( рѕФрѕљ рѕърѕЇ ) рїЇрѕФрІЅріЋрІх рЇЇрѕјрѕГ ріерІ░рѕерїЃрІЅ рїјріЋ RM G-06 (рЅхрѕЇрЅЂ рѕџріЊ рЇѕрѕГріњрЅИрѕГ рІФрѕѕрЅарЅх рѕЁріЋрЇЃ) РГљ№ИЈ ""рЅарѕърІ░рѕГріЋ ріЦрЅЃрІѕрІЈрЅй рѕѓрІѕрЅхрІјріЋ рѕърІ░рѕГріЊрІГрІЮ рІФрІхрѕГрїЅ ""РГљ№ИЈ",-1001649695480
5350,2025-01-10T06:20:45+00:00,"­ЪћЦ рЅ░рїђрѕўрѕе ­ЪњАрЅ░рїђрѕўрѕе­ЪњА рЅ░рїђрѕўрѕе ­ЪћЦ ­ЪјёрѕЇрІЕ ріЦрІЅріљрЅ░ріЏ рІерЅарІЊрѕЇ рЅЁріЊрѕй­Ъјё ­Ъјё ріерЅ│рѕЁрѕ│рѕх 21 ріЦрѕхріе рїЦрѕГ 7 рІхрѕерѕх рІерѕџрЅєрІГ ріЦрІЅріљрЅ░ріЏ рЅЁріЊрѕй ріарІхрѕГрїѕріЊрѕЇрЇб­Ъјё ­ЪДд­ЪјЂ­ЪДИ ріЦріЋрІ▓рѕЂрѕЮ рЅаріљрІџрѕЂ рЅђріЊрЅХрЅй ріе3000­Ъњх рЅарѕІрІГ рѕѕрѕџрїѕрІЎ рІ░ріЋрЅаріърЅ╗рЅйріЋ­ЪјЂ рѕЇрІЕ рІерЅарІЊрѕЇ рѕхрїдрЅ│ ріарІўрїІрїЁрЅ░ріЊрѕЇ­ЪјЂ­ЪјЂ­ЪДд Рюћ№ИЈ рІерѕ░рѕІрїБ ріЊ рІерЇЇрѕЕрЅх рѕЏрЅЁрѕерЅбрІФ Рюћ№ИЈ ріеріЋрЇЂрѕЁ ріаріГрѕгрѕіріГ рІерЅ░рѕ░рѕФ Рюћ№ИЈ рІЇрЅЦ ріЊ рѕЏрѕФріф ріЦрЅЃ рЅа­ЪЉј РЮї1000РЮї Рюћ№ИЈ800Рюћ№ИЈ РўЃ№ИЈ рІерЅ▓ріГ рЅХріГ рЇћрїЃрЅйріЋріЋ рѕѕрѕЏрїЇріўрЅх рѕіріЋріЕріЋ рІГрїФріЉ РгЄ№ИЈ http://tiktok.com/@modernshoppingcenter1 ­ЪЊъ 0924743736 ­ЪЊъ 0974978584 рЅарѕхрѕФрЅйріЋ рѕІрІГ рЅЁрѕгрЅ│ ріФрѕѕрІјрЅх рЅЦрЅ╗ рЅарІџрѕЁ рѕхрѕЇріГ рІ░рІЅрѕѕрІЅ рІФрѕ│рІЅрЅЂріЋрЇб ­Ъјё ­ЪЊъ 0961373839 Рюѕ№ИЈ рІерѕўрѕерїАрЅхріЋ ріЦрЅЃ рѕѕрѕЏрІўрІЮ ріерЅ│рЅй рЅБрѕѕрІЅ рІерЅ┤рѕїрїЇрѕФрѕЮ ріарІхрѕФрѕ╗ рІГрѕІріЕрѕЇріЋ ­Ъњг t.me/modernshopping1 ­Ъњг t.me/modernshopping2 ­Ъџџ ріарІ▓рѕх ріарЅарЅБ рІЅрѕхрїЦ ріе100рЅЦрѕГ ріЦрѕхріе 200рЅЦрѕГ рЅЦрЅ╗ рЅарѕЏрѕхріерЇѕрѕЇ рІФрѕЅрЅарЅх рІхрѕерѕх рЅарЇѕрїБріЋ рѕърЅ░рѕеріърЅ╗рЅйріЋ ріЦріЋрѕЇріГрѕЇрІЈрЅ│рѕѕріЋрЇб ­ЪџЌ рѕѕріГрЇЇрѕѕ рѕђрїѕрѕГ рІ░ріЋрЅаріърЅ╗рЅйріЋ рЅарѕўріљрѕљрѕфрІФ рЅаріЕрѕЇ ріарІхрѕГрїѕріЋ рЅарѕ╣рЇїрѕГ ріЦріЋрѕЇріФрѕѕріЋрЇб РЮЊ ріарІхрѕФрѕ╗ рЅЂрїЦрѕГ 1№ИЈРЃБ = рїЅрѕГрІхрѕЙрѕІ ріерѕ┤ріЋрЅИрѕф рѕърѕЇ рЅхріЋрѕй рІЮрЅЁ ріЦріЋрІ│рѕЅ ( рѕєрѕі рѕ▓рЅ▓ рѕ┤ріЋрЅ░рѕГ рѕърѕЇ ) рѕІрІГ ріЦріЋрІ░рїѕрЅА рЇірЅхрѕѕрЇірЅх ріерѕірЇЇрЅ▒ рЅарїЇрѕФ рЅаріЕрѕЇ рѕџрІЏріЋ рѕІрІГ M06 рЅЂрїЦрѕГ 2№ИЈРЃБ = рїђрѕъ рѕўрѕхрЅ│рІѕрЅх рЇІрЅЦрѕфріФ рїГрѕх рѕўрІЅрїФрІЅ рЇірЅх рѕѕрЇірЅх ( рѕФрѕљ рѕърѕЇ ) рїЇрѕФрІЅріЋрІх рЇЇрѕјрѕГ ріерІ░рѕерїЃрІЅ рїјріЋ RM G-06 (рЅхрѕЇрЅЂ рѕџріЊ рЇѕрѕГріњрЅИрѕГ рІФрѕѕрЅарЅх рѕЁріЋрЇЃ) РГљ№ИЈ ""рЅарѕърІ░рѕГріЋ ріЦрЅЃрІѕрІЈрЅй рѕѓрІѕрЅхрІјріЋ рѕърІ░рѕГріЊрІГрІЮ рІФрІхрѕГрїЅ ""РГљ№ИЈ",-1001649695480
5349,2025-01-09T10:52:59+00:00,,-1001649695480
5348,2025-01-09T10:52:59+00:00,,-1001649695480
5347,2025-01-09T10:52:59+00:00,"­ЪћЦ рЅ░рїђрѕўрѕе ­ЪњАрЅ░рїђрѕўрѕе­ЪњА рЅ░рїђрѕўрѕе ­ЪћЦ ­ЪјёрѕЇрІЕ ріЦрІЅріљрЅ░ріЏ рІерЅарІЊрѕЇ рЅЁріЊрѕй­Ъјё ­Ъјё ріерЅ│рѕЁрѕ│рѕх 21 ріЦрѕхріе рїЦрѕГ 7 рІхрѕерѕх рІерѕџрЅєрІГ ріЦрІЅріљрЅ░ріЏ рЅЁріЊрѕй ріарІхрѕГрїѕріЊрѕЇрЇб­Ъјё ­ЪДд­ЪјЂ­ЪДИ ріЦріЋрІ▓рѕЂрѕЮ рЅаріљрІџрѕЂ рЅђріЊрЅХрЅй ріе3000­Ъњх рЅарѕІрІГ рѕѕрѕџрїѕрІЎ рІ░ріЋрЅаріърЅ╗рЅйріЋ­ЪјЂ рѕЇрІЕ рІерЅарІЊрѕЇ рѕхрїдрЅ│ ріарІўрїІрїЁрЅ░ріЊрѕЇ­ЪјЂ­ЪјЂ­ЪДд ­Ъћц рѕхрѕў рїѕріЊріЊрІЅ Sanford electric pressure cooker ­Ъћц рІўрѕўріЊрІі рІерѕЮрїЇрЅЦ рѕЏрЅЦрѕ░рІФ ­Ъћц рѕЙрѕГрЅБрЇБ ріарЅ░ріГрѕЇрЅхрЇБ рІѕрїБрІѕрїЦрЇБ ріарѕ«рѕхрЅХрЇБ рѕЕрІЮ рЇБрїѕріЋрЇј ріЦріЊ рѕўрѕ░рѕЇ ріе 10 рІЊрІГріљрЅх рЅарѕІрІГ рѕЮрїЇрЅарЅйріЋ рѕ░рІЊрЅхріЊ рѕЎрЅђрЅх рѕўрїЦріќ ріГрѕйріЋ ріарІхрѕГрїј рІФрЅарѕхрѕЇрѕЇрІјрЅ│рѕЇ ­Ъћц рІЇрѕхрїА non stick рІерѕєріљ ­Ъћц рІерѕЎрЅђрЅхріЊ рІерѕ░рІЊрЅх рѕўрЅєрїБрїарѕфрІФ рІерЅ░рїѕрїарѕўрѕѕрЅх ­Ъћц рѕѕріарїарЅЃрЅђрѕЮ рЅђрѕІрѕЇ ­ЪћцрЅарЅ░рѕѕрІФрІе рѕўрїаріЋ рІерЅђрѕерЅа ­Ъћц 12 рѕїрЅхрѕГ рЅа­ЪЊЦ РЮї14,500РЮї Рюћ№ИЈ14,000Рюћ№ИЈ ­Ъћц 9 рѕїрЅхрѕГ рЅа­ЪЊЦ РЮї12,500РЮї Рюћ№ИЈ12,000Рюћ№ИЈ РўЃ№ИЈ рІерЅ▓ріГ рЅХріГ рЇћрїЃрЅйріЋріЋ рѕѕрѕЏрїЇріўрЅх рѕіріЋріЕріЋ рІГрїФріЉ РгЄ№ИЈ http://tiktok.com/@modernshoppingcenter1 ­ЪЊъ 0924743736 ­ЪЊъ 0974978584 рЅарѕхрѕФрЅйріЋ рѕІрІГ рЅЁрѕгрЅ│ ріФрѕѕрІјрЅх рЅЦрЅ╗ рЅарІџрѕЁ рѕхрѕЇріГ рІ░рІЅрѕѕрІЅ рІФрѕ│рІЅрЅЂріЋрЇб ­Ъјё ­ЪЊъ 0961373839 Рюѕ№ИЈ рІерѕўрѕерїАрЅхріЋ ріЦрЅЃ рѕѕрѕЏрІўрІЮ ріерЅ│рЅй рЅБрѕѕрІЅ рІерЅ┤рѕїрїЇрѕФрѕЮ ріарІхрѕФрѕ╗ рІГрѕІріЕрѕЇріЋ ­Ъњг t.me/modernshopping1 ­Ъњг t.me/modernshopping2 ­Ъџџ ріарІ▓рѕх ріарЅарЅБ рІЅрѕхрїЦ ріе100рЅЦрѕГ ріЦрѕхріе 200рЅЦрѕГ рЅЦрЅ╗ рЅарѕЏрѕхріерЇѕрѕЇ рІФрѕЅрЅарЅх рІхрѕерѕх рЅарЇѕрїБріЋ рѕърЅ░рѕеріърЅ╗рЅйріЋ ріЦріЋрѕЇріГрѕЇрІЈрЅ│рѕѕріЋрЇб ­ЪџЌ рѕѕріГрЇЇрѕѕ рѕђрїѕрѕГ рІ░ріЋрЅаріърЅ╗рЅйріЋ рЅарѕўріљрѕљрѕфрІФ рЅаріЕрѕЇ ріарІхрѕГрїѕріЋ рЅарѕ╣рЇїрѕГ ріЦріЋрѕЇріФрѕѕріЋрЇб РЮЊ ріарІхрѕФрѕ╗ рЅЂрїЦрѕГ 1№ИЈРЃБ = рїЅрѕГрІхрѕЙрѕІ ріерѕ┤ріЋрЅИрѕф рѕърѕЇ рЅхріЋрѕй рІЮрЅЁ ріЦріЋрІ│рѕЅ ( рѕєрѕі рѕ▓рЅ▓ рѕ┤ріЋрЅ░рѕГ рѕърѕЇ ) рѕІрІГ ріЦріЋрІ░рїѕрЅА рЇірЅхрѕѕрЇірЅх ріерѕірЇЇрЅ▒ рЅарїЇрѕФ рЅаріЕрѕЇ рѕџрІЏріЋ рѕІрІГ M06 рЅЂрїЦрѕГ 2№ИЈРЃБ = рїђрѕъ рѕўрѕхрЅ│рІѕрЅх рЇІрЅЦрѕфріФ рїГрѕх рѕўрІЅрїФрІЅ рЇірЅх рѕѕрЇірЅх ( рѕФрѕљ рѕърѕЇ ) рїЇрѕФрІЅріЋрІх рЇЇрѕјрѕГ ріерІ░рѕерїЃрІЅ рїјріЋ RM G-06 (рЅхрѕЇрЅЂ рѕџріЊ рЇѕрѕГріњрЅИрѕГ рІФрѕѕрЅарЅх рѕЁріЋрЇЃ) РГљ№ИЈ ""рЅарѕърІ░рѕГріЋ ріЦрЅЃрІѕрІЈрЅй рѕѓрІѕрЅхрІјріЋ рѕърІ░рѕГріЊрІГрІЮ рІФрІхрѕГрїЅ ""РГљ№ИЈ",-1001649695480
5346,2025-01-09T07:29:45+00:00,,-1001649695480
5345,2025-01-09T07:29:45+00:00,,-1001649695480
5344,2025-01-09T07:29:45+00:00,"­ЪћЦ рЅ░рїђрѕўрѕе ­ЪњАрЅ░рїђрѕўрѕе­ЪњА рЅ░рїђрѕўрѕе ­ЪћЦ ­ЪјёрѕЇрІЕ ріЦрІЅріљрЅ░ріЏ рІерЅарІЊрѕЇ рЅЁріЊрѕй­Ъјё ­Ъјё ріерЅ│рѕЁрѕ│рѕх 21 ріЦрѕхріе рїЦрѕГ 7 рІхрѕерѕх рІерѕџрЅєрІГ ріЦрІЅріљрЅ░ріЏ рЅЁріЊрѕй ріарІхрѕГрїѕріЊрѕЇрЇб­Ъјё ­ЪДд­ЪјЂ­ЪДИ ріЦріЋрІ▓рѕЂрѕЮ рЅаріљрІџрѕЂ рЅђріЊрЅХрЅй ріе3000­Ъњх рЅарѕІрІГ рѕѕрѕџрїѕрІЎ рІ░ріЋрЅаріърЅ╗рЅйріЋ­ЪјЂ рѕЇрІЕ рІерЅарІЊрѕЇ рѕхрїдрЅ│ ріарІўрїІрїЁрЅ░ріЊрѕЇ­ЪјЂ­ЪјЂ­ЪДд ­Ъћц Tempered Glass Bakeware ­Ъћц рЅБрѕѕ рѕўрѕхрЅ│рІѕрЅх ріГрІ│ріЋ oval рЇќрЅхрѕФ ­Ъћц рѕѕрігріГрЇБ рѕІрІЏріЏрЇБ рЇЊрѕхрЅ│ рЇјрѕГріќ... рІѕрІўрЅ░ рѕЮрїЇрЅЦ рІЮрїЇрїЁрЅх рІерѕџрѕўрѕерїЦ ­Ъћц рідрЅГріЋ рІЇрѕхрїЦ рѕєріљ рѕЏрІГріГрѕ«рІїрЅГ рѕўрїЇрЅБрЅх рІерѕџрЅйрѕЇ ­Ъћц рІерѕФрѕ▒ ріГрІ│ріЋ рІФрѕѕрІЇ ­Ъћц 3 рѕірЅхрѕГ рІерѕўрІФрІЮ ріарЅЁрѕЮ рІФрѕѕрІЇ ­Ъћц рѕѕріарїарЅЃрЅђрѕЮ рЅђрѕІрѕЇ рЅа­ЪЉј ­Ъњх2№ИЈРЃБ2№ИЈРЃБ0№ИЈРЃБ0№ИЈРЃБ­Ъњх РўЃ№ИЈ рІерЅ▓ріГ рЅХріГ рЇћрїЃрЅйріЋріЋ рѕѕрѕЏрїЇріўрЅх рѕіріЋріЕріЋ рІГрїФріЉ РгЄ№ИЈ http://tiktok.com/@modernshoppingcenter1 ­ЪЊъ 0924743736 ­ЪЊъ 0974978584 рЅарѕхрѕФрЅйріЋ рѕІрІГ рЅЁрѕгрЅ│ ріФрѕѕрІјрЅх рЅЦрЅ╗ рЅарІџрѕЁ рѕхрѕЇріГ рІ░рІЅрѕѕрІЅ рІФрѕ│рІЅрЅЂріЋрЇб ­Ъјё ­ЪЊъ 0961373839 Рюѕ№ИЈ рІерѕўрѕерїАрЅхріЋ ріЦрЅЃ рѕѕрѕЏрІўрІЮ ріерЅ│рЅй рЅБрѕѕрІЅ рІерЅ┤рѕїрїЇрѕФрѕЮ ріарІхрѕФрѕ╗ рІГрѕІріЕрѕЇріЋ ­Ъњг t.me/modernshopping1 ­Ъњг t.me/modernshopping2 ­Ъџџ ріарІ▓рѕх ріарЅарЅБ рІЅрѕхрїЦ ріе100рЅЦрѕГ ріЦрѕхріе 200рЅЦрѕГ рЅЦрЅ╗ рЅарѕЏрѕхріерЇѕрѕЇ рІФрѕЅрЅарЅх рІхрѕерѕх рЅарЇѕрїБріЋ рѕърЅ░рѕеріърЅ╗рЅйріЋ ріЦріЋрѕЇріГрѕЇрІЈрЅ│рѕѕріЋрЇб ­ЪџЌ рѕѕріГрЇЇрѕѕ рѕђрїѕрѕГ рІ░ріЋрЅаріърЅ╗рЅйріЋ рЅарѕўріљрѕљрѕфрІФ рЅаріЕрѕЇ ріарІхрѕГрїѕріЋ рЅарѕ╣рЇїрѕГ ріЦріЋрѕЇріФрѕѕріЋрЇб РЮЊ ріарІхрѕФрѕ╗ рЅЂрїЦрѕГ 1№ИЈРЃБ = рїЅрѕГрІхрѕЙрѕІ ріерѕ┤ріЋрЅИрѕф рѕърѕЇ рЅхріЋрѕй рІЮрЅЁ ріЦріЋрІ│рѕЅ ( рѕєрѕі рѕ▓рЅ▓ рѕ┤ріЋрЅ░рѕГ рѕърѕЇ ) рѕІрІГ ріЦріЋрІ░рїѕрЅА рЇірЅхрѕѕрЇірЅх ріерѕірЇЇрЅ▒ рЅарїЇрѕФ рЅаріЕрѕЇ рѕџрІЏріЋ рѕІрІГ M06 рЅЂрїЦрѕГ 2№ИЈРЃБ = рїђрѕъ рѕўрѕхрЅ│рІѕрЅх рЇІрЅЦрѕфріФ рїГрѕх рѕўрІЅрїФрІЅ рЇірЅх рѕѕрЇірЅх ( рѕФрѕљ рѕърѕЇ ) рїЇрѕФрІЅріЋрІх рЇЇрѕјрѕГ ріерІ░рѕерїЃрІЅ рїјріЋ RM G-06 (рЅхрѕЇрЅЂ рѕџріЊ рЇѕрѕГріњрЅИрѕГ рІФрѕѕрЅарЅх рѕЁріЋрЇЃ) РГљ№ИЈ ""рЅарѕърІ░рѕГріЋ ріЦрЅЃрІѕрІЈрЅй рѕѓрІѕрЅхрІјріЋ рѕърІ░рѕГріЊрІГрІЮ рІФрІхрѕГрїЅ ""РГљ№ИЈ",-1001649695480
5343,2025-01-08T12:37:23+00:00,,-1001649695480
5342,2025-01-08T12:37:23+00:00,,-1001649695480
5341,2025-01-08T12:37:23+00:00,"­ЪћЦ рЅ░рїђрѕўрѕе ­ЪњАрЅ░рїђрѕўрѕе­ЪњА рЅ░рїђрѕўрѕе ­ЪћЦ ­ЪјёрѕЇрІЕ ріЦрІЅріљрЅ░ріЏ рІерЅарІЊрѕЇ рЅЁріЊрѕй­Ъјё ­Ъјё ріерЅ│рѕЁрѕ│рѕх 21 ріЦрѕхріе рїЦрѕГ 7 рІхрѕерѕх рІерѕџрЅєрІГ ріЦрІЅріљрЅ░ріЏ рЅЁріЊрѕй ріарІхрѕГрїѕріЊрѕЇрЇб­Ъјё ­ЪДд­ЪјЂ­ЪДИ ріЦріЋрІ▓рѕЂрѕЮ рЅаріљрІџрѕЂ рЅђріЊрЅХрЅй ріе3000­Ъњх рЅарѕІрІГ рѕѕрѕџрїѕрІЎ рІ░ріЋрЅаріърЅ╗рЅйріЋ­ЪјЂ рѕЇрІЕ рІерЅарІЊрѕЇ рѕхрїдрЅ│ ріарІўрїІрїЁрЅ░ріЊрѕЇ­ЪјЂ­ЪјЂ­ЪДд ­Ъћц STAINLESS STEEL PRESSURE COOKER ­Ъћц рІерѕЮрїЇрЅЦ рѕЏрЅЦрѕ░рІФ рІхрѕхрЅх ­Ъћц рЅаріерЇЇрЅ░ріЏ рїЦрѕФрЅх рІерЅ░рѕўрѕерЅх ­Ъћц рІерїЇрЇірЅх рѕўрЅєрїБрїарѕфрІФ рІерЅ░рїѕрїарѕўрѕѕрЅх ­Ъћц рЅарѕЏріЋріЏрІЇрѕЮ рѕЮрІхрїЃ рѕєріљ ріЦрѕхрЅХрЅГ рѕІрІГ рІерѕџрїБрІх ­Ъћц рѕѕрѕхрїІрЇБ ріарїЦріЋрЅхрЇБ рѕЙрѕГрЅБрЇБрѕЕрІЮ ріЦріЊ рѕўрѕ░рѕЇ ріарЅхріГрѕЇрЅХрЅйріЋ рЅарЇЇрїЦріљрЅх рІерѕџрІФрЅарѕхрѕЅрЅарЅх ­Ъћц рѕўрІФрІЮ рѕђріљ рЅарїГрѕх рѕўрѕўріЋрЅИріГ ріарІГрЅ│рѕ░рЅЦрѕЮ ­Ъћц ріГрІ│ріЉ рїЇрїЦрѕЮ рЅЦрѕј рІерѕџріерІ░ріЋ ­Ъћц 8рѕїрЅхрѕГ рІерѕўрІФрІЮ ріарЅЁрѕЮ рІФрѕѕрІЇ ­Ъћц рѕѕріарїарЅЃрЅђрѕЮ рЅђрѕІрѕЇ рЅа­ЪЉј ­Ъњх5№ИЈРЃБ3№ИЈРЃБ0№ИЈРЃБ0№ИЈРЃБ­Ъњх РўЃ№ИЈ рІерЅ▓ріГ рЅХріГ рЇћрїЃрЅйріЋріЋ рѕѕрѕЏрїЇріўрЅх рѕіріЋріЕріЋ рІГрїФріЉ РгЄ№ИЈ http://tiktok.com/@modernshoppingcenter1 ­ЪЊъ 0924743736 ­ЪЊъ 0974978584 рЅарѕхрѕФрЅйріЋ рѕІрІГ рЅЁрѕгрЅ│ ріФрѕѕрІјрЅх рЅЦрЅ╗ рЅарІџрѕЁ рѕхрѕЇріГ рІ░рІЅрѕѕрІЅ рІФрѕ│рІЅрЅЂріЋрЇб ­Ъјё ­ЪЊъ 0961373839 Рюѕ№ИЈ рІерѕўрѕерїАрЅхріЋ ріЦрЅЃ рѕѕрѕЏрІўрІЮ ріерЅ│рЅй рЅБрѕѕрІЅ рІерЅ┤рѕїрїЇрѕФрѕЮ ріарІхрѕФрѕ╗ рІГрѕІріЕрѕЇріЋ ­Ъњг t.me/modernshopping1 ­Ъњг t.me/modernshopping2 ­Ъџџ ріарІ▓рѕх ріарЅарЅБ рІЅрѕхрїЦ ріе100рЅЦрѕГ ріЦрѕхріе 200рЅЦрѕГ рЅЦрЅ╗ рЅарѕЏрѕхріерЇѕрѕЇ рІФрѕЅрЅарЅх рІхрѕерѕх рЅарЇѕрїБріЋ рѕърЅ░рѕеріърЅ╗рЅйріЋ ріЦріЋрѕЇріГрѕЇрІЈрЅ│рѕѕріЋрЇб ­ЪџЌ рѕѕріГрЇЇрѕѕ рѕђрїѕрѕГ рІ░ріЋрЅаріърЅ╗рЅйріЋ рЅарѕўріљрѕљрѕфрІФ рЅаріЕрѕЇ ріарІхрѕГрїѕріЋ рЅарѕ╣рЇїрѕГ ріЦріЋрѕЇріФрѕѕріЋрЇб РЮЊ ріарІхрѕФрѕ╗ рЅЂрїЦрѕГ 1№ИЈРЃБ = рїЅрѕГрІхрѕЙрѕІ ріерѕ┤ріЋрЅИрѕф рѕърѕЇ рЅхріЋрѕй рІЮрЅЁ ріЦріЋрІ│рѕЅ ( рѕєрѕі рѕ▓рЅ▓ рѕ┤ріЋрЅ░рѕГ рѕърѕЇ ) рѕІрІГ ріЦріЋрІ░рїѕрЅА рЇірЅхрѕѕрЇірЅх ріерѕірЇЇрЅ▒ рЅарїЇрѕФ рЅаріЕрѕЇ рѕџрІЏріЋ рѕІрІГ M06 рЅЂрїЦрѕГ 2№ИЈРЃБ = рїђрѕъ рѕўрѕхрЅ│рІѕрЅх рЇІрЅЦрѕфріФ рїГрѕх рѕўрІЅрїФрІЅ рЇірЅх рѕѕрЇірЅх ( рѕФрѕљ рѕърѕЇ ) рїЇрѕФрІЅріЋрІх рЇЇрѕјрѕГ ріерІ░рѕерїЃрІЅ рїјріЋ RM G-06 (рЅхрѕЇрЅЂ рѕџріЊ рЇѕрѕГріњрЅИрѕГ рІФрѕѕрЅарЅх рѕЁріЋрЇЃ) РГљ№ИЈ ""рЅарѕърІ░рѕГріЋ ріЦрЅЃрІѕрІЈрЅй рѕѓрІѕрЅхрІјріЋ рѕърІ░рѕГріЊрІГрІЮ рІФрІхрѕГрїЅ ""РГљ№ИЈ",-1001649695480
5340,2025-01-08T07:37:24+00:00,,-1001649695480
5339,2025-01-08T07:37:24+00:00,,-1001649695480
5338,2025-01-08T07:37:24+00:00,,-1001649695480
5337,2025-01-08T07:37:24+00:00,"­ЪћЦ рЅ░рїђрѕўрѕе ­ЪњАрЅ░рїђрѕўрѕе­ЪњА рЅ░рїђрѕўрѕе ­ЪћЦ ­ЪјёрѕЇрІЕ ріЦрІЅріљрЅ░ріЏ рІерЅарІЊрѕЇ рЅЁріЊрѕй­Ъјё ­Ъјё ріерЅ│рѕЁрѕ│рѕх 21 ріЦрѕхріе рїЦрѕГ 7 рІхрѕерѕх рІерѕџрЅєрІГ ріЦрІЅріљрЅ░ріЏ рЅЁріЊрѕй ріарІхрѕГрїѕріЊрѕЇрЇб­Ъјё ­ЪДд­ЪјЂ­ЪДИ ріЦріЋрІ▓рѕЂрѕЮ рЅаріљрІџрѕЂ рЅђріЊрЅХрЅй ріе3000­Ъњх рЅарѕІрІГ рѕѕрѕџрїѕрІЎ рІ░ріЋрЅаріърЅ╗рЅйріЋ­ЪјЂ рѕЇрІЕ рІерЅарІЊрѕЇ рѕхрїдрЅ│ ріарІўрїІрїЁрЅ░ріЊрѕЇ­ЪјЂ­ЪјЂ­ЪДд ­Ъћц Sayona Sandwich Grill Maker ­Ъћц рІерѕ│ріЋрІ▒рЅйрЇБрѕхрїІ ріЦріЊ рІерІ│рЅд рѕўрїЦрЅарѕ╗ ­Ъћц 2200 watt рІерѕєріљ ­Ъћц рІерѕЏрІГрІЮ рЇЊрЅхрѕФ ­Ъћц рЅарѕЂрѕѕрЅ▒рѕЮ рЅаріЕрѕЇ рѕЎрЅђрЅх рІерѕџрѕ░рїЦ ­Ъћц рѕЎрЅђрЅх рѕўрЅєрїБрїарѕфрІФ рЅ┤рѕГрѕърѕхрЅ│рЅх рІерЅ░рїѕрїарѕўрѕѕрЅх ­Ъћц рѕѕріарїарЅЃрЅђрѕЮ рЅђрѕІрѕЇ рЅа­ЪЉј РЮї6900РЮї Рюћ№ИЈ6200Рюћ№ИЈ РўЃ№ИЈ рІерЅ▓ріГ рЅХріГ рЇћрїЃрЅйріЋріЋ рѕѕрѕЏрїЇріўрЅх рѕіріЋріЕріЋ рІГрїФріЉ РгЄ№ИЈ http://tiktok.com/@modernshoppingcenter1 ­ЪЊъ 0924743736 ­ЪЊъ 0974978584 рЅарѕхрѕФрЅйріЋ рѕІрІГ рЅЁрѕгрЅ│ ріФрѕѕрІјрЅх рЅЦрЅ╗ рЅарІџрѕЁ рѕхрѕЇріГ рІ░рІЅрѕѕрІЅ рІФрѕ│рІЅрЅЂріЋрЇб ­Ъјё ­ЪЊъ 0961373839 Рюѕ№ИЈ рІерѕўрѕерїАрЅхріЋ ріЦрЅЃ рѕѕрѕЏрІўрІЮ ріерЅ│рЅй рЅБрѕѕрІЅ рІерЅ┤рѕїрїЇрѕФрѕЮ ріарІхрѕФрѕ╗ рІГрѕІріЕрѕЇріЋ ­Ъњг t.me/modernshopping1 ­Ъњг t.me/modernshopping2 ­Ъџџ ріарІ▓рѕх ріарЅарЅБ рІЅрѕхрїЦ ріе100рЅЦрѕГ ріЦрѕхріе 200рЅЦрѕГ рЅЦрЅ╗ рЅарѕЏрѕхріерЇѕрѕЇ рІФрѕЅрЅарЅх рІхрѕерѕх рЅарЇѕрїБріЋ рѕърЅ░рѕеріърЅ╗рЅйріЋ ріЦріЋрѕЇріГрѕЇрІЈрЅ│рѕѕріЋрЇб ­ЪџЌ рѕѕріГрЇЇрѕѕ рѕђрїѕрѕГ рІ░ріЋрЅаріърЅ╗рЅйріЋ рЅарѕўріљрѕљрѕфрІФ рЅаріЕрѕЇ ріарІхрѕГрїѕріЋ рЅарѕ╣рЇїрѕГ ріЦріЋрѕЇріФрѕѕріЋрЇб РЮЊ ріарІхрѕФрѕ╗ рЅЂрїЦрѕГ 1№ИЈРЃБ = рїЅрѕГрІхрѕЙрѕІ ріерѕ┤ріЋрЅИрѕф рѕърѕЇ рЅхріЋрѕй рІЮрЅЁ ріЦріЋрІ│рѕЅ ( рѕєрѕі рѕ▓рЅ▓ рѕ┤ріЋрЅ░рѕГ рѕърѕЇ ) рѕІрІГ ріЦріЋрІ░рїѕрЅА рЇірЅхрѕѕрЇірЅх ріерѕірЇЇрЅ▒ рЅарїЇрѕФ рЅаріЕрѕЇ рѕџрІЏріЋ рѕІрІГ M06 рЅЂрїЦрѕГ 2№ИЈРЃБ = рїђрѕъ рѕўрѕхрЅ│рІѕрЅх рЇІрЅЦрѕфріФ рїГрѕх рѕўрІЅрїФрІЅ рЇірЅх рѕѕрЇірЅх ( рѕФрѕљ рѕърѕЇ ) рїЇрѕФрІЅріЋрІх рЇЇрѕјрѕГ ріерІ░рѕерїЃрІЅ рїјріЋ RM G-06 (рЅхрѕЇрЅЂ рѕџріЊ рЇѕрѕГріњрЅИрѕГ рІФрѕѕрЅарЅх рѕЁріЋрЇЃ) РГљ№ИЈ ""рЅарѕърІ░рѕГріЋ ріЦрЅЃрІѕрІЈрЅй рѕѓрІѕрЅхрІјріЋ рѕърІ░рѕГріЊрІГрІЮ рІФрІхрѕГрїЅ ""РГљ№ИЈ",-1001649695480
5336,2025-01-06T12:51:49+00:00,"­ЪћЦ рЅ░рїђрѕўрѕе ­ЪњАрЅ░рїђрѕўрѕе­ЪњА рЅ░рїђрѕўрѕе ­ЪћЦ ­ЪјёрѕЇрІЕ ріЦрІЅріљрЅ░ріЏ рІерЅарІЊрѕЇ рЅЁріЊрѕй­Ъјё ­Ъјё ріерЅ│рѕЁрѕ│рѕх 21 ріЦрѕхріе рїЦрѕГ 7 рІхрѕерѕх рІерѕџрЅєрІГ ріЦрІЅріљрЅ░ріЏ рЅЁріЊрѕй ріарІхрѕГрїѕріЊрѕЇрЇб­Ъјё ­ЪДд­ЪјЂ­ЪДИ ріЦріЋрІ▓рѕЂрѕЮ рЅаріљрІџрѕЂ рЅђріЊрЅХрЅй ріе3000­Ъњх рЅарѕІрІГ рѕѕрѕџрїѕрІЎ рІ░ріЋрЅаріърЅ╗рЅйріЋ­ЪјЂ рѕЇрІЕ рІерЅарІЊрѕЇ рѕхрїдрЅ│ ріарІўрїІрїЁрЅ░ріЊрѕЇ­ЪјЂ­ЪјЂ­ЪДд ­Ъћц рі│рѕірЅ▓ рІерѕўрїарїдрЅй рѕЏрЅЁрѕерЅбрІФ рїєрїЇ ­Ъћц 2 рѕірЅхрѕГ рІерѕџрІГрІЮ ­Ъћц 6 рѕўрїарїФ рЅЦрѕГрїГрЅєрІјрЅй рІФрѕЅрЅх ­Ъћц рЅарѕЏрѕФріфріЊ рІЅрЅЦ рІ▓рІЏрІГріЋ рІерЅђрѕерЅа ­Ъћц рѕѕрЅцрЅх рЅбрѕЅ рѕѕрѕхрїдрЅ│ рІерѕџрѕєріЋ ріЦрЅЃ рЅа­ЪЉј ­Ъњх4№ИЈРЃБ3№ИЈРЃБ0№ИЈРЃБ0№ИЈРЃБ­Ъњх РўЃ№ИЈ рІерЅ▓ріГ рЅХріГ рЇћрїЃрЅйріЋріЋ рѕѕрѕЏрїЇріўрЅх рѕіріЋріЕріЋ рІГрїФріЉ РгЄ№ИЈ http://tiktok.com/@modernshoppingcenter1 ­ЪЊъ 0924743736 ­ЪЊъ 0974978584 рЅарѕхрѕФрЅйріЋ рѕІрІГ рЅЁрѕгрЅ│ ріФрѕѕрІјрЅх рЅЦрЅ╗ рЅарІџрѕЁ рѕхрѕЇріГ рІ░рІЅрѕѕрІЅ рІФрѕ│рІЅрЅЂріЋрЇб ­Ъјё ­ЪЊъ 0961373839 Рюѕ№ИЈ рІерѕўрѕерїАрЅхріЋ ріЦрЅЃ рѕѕрѕЏрІўрІЮ ріерЅ│рЅй рЅБрѕѕрІЅ рІерЅ┤рѕїрїЇрѕФрѕЮ ріарІхрѕФрѕ╗ рІГрѕІріЕрѕЇріЋ ­Ъњг t.me/modernshopping1 ­Ъњг t.me/modernshopping2 ­Ъџџ ріарІ▓рѕх ріарЅарЅБ рІЅрѕхрїЦ ріе100рЅЦрѕГ ріЦрѕхріе 200рЅЦрѕГ рЅЦрЅ╗ рЅарѕЏрѕхріерЇѕрѕЇ рІФрѕЅрЅарЅх рІхрѕерѕх рЅарЇѕрїБріЋ рѕърЅ░рѕеріърЅ╗рЅйріЋ ріЦріЋрѕЇріГрѕЇрІЈрЅ│рѕѕріЋрЇб ­ЪџЌ рѕѕріГрЇЇрѕѕ рѕђрїѕрѕГ рІ░ріЋрЅаріърЅ╗рЅйріЋ рЅарѕўріљрѕљрѕфрІФ рЅаріЕрѕЇ ріарІхрѕГрїѕріЋ рЅарѕ╣рЇїрѕГ ріЦріЋрѕЇріФрѕѕріЋрЇб РЮЊ ріарІхрѕФрѕ╗ рЅЂрїЦрѕГ 1№ИЈРЃБ = рїЅрѕГрІхрѕЙрѕІ ріерѕ┤ріЋрЅИрѕф рѕърѕЇ рЅхріЋрѕй рІЮрЅЁ ріЦріЋрІ│рѕЅ ( рѕєрѕі рѕ▓рЅ▓ рѕ┤ріЋрЅ░рѕГ рѕърѕЇ ) рѕІрІГ ріЦріЋрІ░рїѕрЅА рЇірЅхрѕѕрЇірЅх ріерѕірЇЇрЅ▒ рЅарїЇрѕФ рЅаріЕрѕЇ рѕџрІЏріЋ рѕІрІГ M06 рЅЂрїЦрѕГ 2№ИЈРЃБ = рїђрѕъ рѕўрѕхрЅ│рІѕрЅх рЇІрЅЦрѕфріФ рїГрѕх рѕўрІЅрїФрІЅ рЇірЅх рѕѕрЇірЅх ( рѕФрѕљ рѕърѕЇ ) рїЇрѕФрІЅріЋрІх рЇЇрѕјрѕГ ріерІ░рѕерїЃрІЅ рїјріЋ RM G-06 (рЅхрѕЇрЅЂ рѕџріЊ рЇѕрѕГріњрЅИрѕГ рІФрѕѕрЅарЅх рѕЁріЋрЇЃ) РГљ№ИЈ ""рЅарѕърІ░рѕГріЋ ріЦрЅЃрІѕрІЈрЅй рѕѓрІѕрЅхрІјріЋ рѕърІ░рѕГріЊрІГрІЮ рІФрІхрѕГрїЅ ""РГљ№ИЈ3№ИЈРЃБ3№ИЈРЃБ",-1001649695480
5335,2025-01-06T08:57:44+00:00,,-1001649695480
5334,2025-01-06T08:57:44+00:00,"­ЪћЦ рЅ░рїђрѕўрѕе ­ЪњАрЅ░рїђрѕўрѕе­ЪњА рЅ░рїђрѕўрѕе ­ЪћЦ ­ЪјёрѕЇрІЕ ріЦрІЅріљрЅ░ріЏ рІерЅарІЊрѕЇ рЅЁріЊрѕй­Ъјё ­Ъјё ріерЅ│рѕЁрѕ│рѕх 21 ріЦрѕхріе рїЦрѕГ 7 рІхрѕерѕх рІерѕџрЅєрІГ ріЦрІЅріљрЅ░ріЏ рЅЁріЊрѕй ріарІхрѕГрїѕріЊрѕЇрЇб­Ъјё ­ЪДд­ЪјЂ­ЪДИ ріЦріЋрІ▓рѕЂрѕЮ рЅаріљрІџрѕЂ рЅђріЊрЅХрЅй ріе3000­Ъњх рЅарѕІрІГ рѕѕрѕџрїѕрІЎ рІ░ріЋрЅаріърЅ╗рЅйріЋ­ЪјЂ рѕЇрІЕ рІерЅарІЊрѕЇ рѕхрїдрЅ│ ріарІўрїІрїЁрЅ░ріЊрѕЇ­ЪјЂ­ЪјЂ­ЪДд ­Ъћц рІерІЅрѕђ рїєрїЇ ­Ъћц ріеріЋрЇЂрѕЁ ріаріГрѕгрѕіріГ рІерЅ░рѕ░рѕФ ­Ъћц рЅарѕЏрѕФріф рІ▓рІЏрІГріЋ рІерЅђрѕерЅа ­Ъћц 2 рѕірЅхрѕГ рІерѕўрІФрІЮ ріарЅЁрѕЮ рІФрѕѕрІЅ ­Ъћц рЅарїјрѕѕрІ░ріЋ ріЦріЊ рЅарѕ▓рѕЇрЅерѕГ рІеріерѕѕрѕГ ріарѕЏрѕФрїГ рІерЅђрѕерЅа рЅа­ЪЉј ­Ъњх1№ИЈРЃБ1№ИЈРЃБ0№ИЈРЃБ0№ИЈРЃБ­Ъњх РўЃ№ИЈ рІерЅ▓ріГ рЅХріГ рЇћрїЃрЅйріЋріЋ рѕѕрѕЏрїЇріўрЅх рѕіріЋріЕріЋ рІГрїФріЉ РгЄ№ИЈ http://tiktok.com/@modernshoppingcenter1 ­ЪЊъ 0924743736 ­ЪЊъ 0974978584 рЅарѕхрѕФрЅйріЋ рѕІрІГ рЅЁрѕгрЅ│ ріФрѕѕрІјрЅх рЅЦрЅ╗ рЅарІџрѕЁ рѕхрѕЇріГ рІ░рІЅрѕѕрІЅ рІФрѕ│рІЅрЅЂріЋрЇб ­Ъјё ­ЪЊъ 0961373839 Рюѕ№ИЈ рІерѕўрѕерїАрЅхріЋ ріЦрЅЃ рѕѕрѕЏрІўрІЮ ріерЅ│рЅй рЅБрѕѕрІЅ рІерЅ┤рѕїрїЇрѕФрѕЮ ріарІхрѕФрѕ╗ рІГрѕІріЕрѕЇріЋ ­Ъњг t.me/modernshopping1 ­Ъњг t.me/modernshopping2 ­Ъџџ ріарІ▓рѕх ріарЅарЅБ рІЅрѕхрїЦ ріе100рЅЦрѕГ ріЦрѕхріе 200рЅЦрѕГ рЅЦрЅ╗ рЅарѕЏрѕхріерЇѕрѕЇ рІФрѕЅрЅарЅх рІхрѕерѕх рЅарЇѕрїБріЋ рѕърЅ░рѕеріърЅ╗рЅйріЋ ріЦріЋрѕЇріГрѕЇрІЈрЅ│рѕѕріЋрЇб ­ЪџЌ рѕѕріГрЇЇрѕѕ рѕђрїѕрѕГ рІ░ріЋрЅаріърЅ╗рЅйріЋ рЅарѕўріљрѕљрѕфрІФ рЅаріЕрѕЇ ріарІхрѕГрїѕріЋ рЅарѕ╣рЇїрѕГ ріЦріЋрѕЇріФрѕѕріЋрЇб РЮЊ ріарІхрѕФрѕ╗ рЅЂрїЦрѕГ 1№ИЈРЃБ = рїЅрѕГрІхрѕЙрѕІ ріерѕ┤ріЋрЅИрѕф рѕърѕЇ рЅхріЋрѕй рІЮрЅЁ ріЦріЋрІ│рѕЅ ( рѕєрѕі рѕ▓рЅ▓ рѕ┤ріЋрЅ░рѕГ рѕърѕЇ ) рѕІрІГ ріЦріЋрІ░рїѕрЅА рЇірЅхрѕѕрЇірЅх ріерѕірЇЇрЅ▒ рЅарїЇрѕФ рЅаріЕрѕЇ рѕџрІЏріЋ рѕІрІГ M06 рЅЂрїЦрѕГ 2№ИЈРЃБ = рїђрѕъ рѕўрѕхрЅ│рІѕрЅх рЇІрЅЦрѕфріФ рїГрѕх рѕўрІЅрїФрІЅ рЇірЅх рѕѕрЇірЅх ( рѕФрѕљ рѕърѕЇ ) рїЇрѕФрІЅріЋрІх рЇЇрѕјрѕГ ріерІ░рѕерїЃрІЅ рїјріЋ RM G-06 (рЅхрѕЇрЅЂ рѕџріЊ рЇѕрѕГріњрЅИрѕГ рІФрѕѕрЅарЅх рѕЁріЋрЇЃ) РГљ№ИЈ ""рЅарѕърІ░рѕГріЋ ріЦрЅЃрІѕрІЈрЅй рѕѓрІѕрЅхрІјріЋ рѕърІ░рѕГріЊрІГрІЮ рІФрІхрѕГрїЅ ""РГљ№ИЈ",-1001649695480
5333,2025-01-06T05:34:03+00:00,,-1001649695480
5332,2025-01-06T05:34:03+00:00,,-1001649695480
5331,2025-01-06T05:34:03+00:00,,-1001649695480
5330,2025-01-06T05:34:03+00:00,,-1001649695480
5329,2025-01-06T05:34:03+00:00,"­ЪћЦ рЅ░рїђрѕўрѕе ­ЪњАрЅ░рїђрѕўрѕе­ЪњА рЅ░рїђрѕўрѕе ­ЪћЦ ­ЪјёрѕЇрІЕ ріЦрІЅріљрЅ░ріЏ рІерЅарІЊрѕЇ рЅЁріЊрѕй­Ъјё ­Ъјё ріерЅ│рѕЁрѕ│рѕх 21 ріЦрѕхріе рїЦрѕГ 7 рІхрѕерѕх рІерѕџрЅєрІГ ріЦрІЅріљрЅ░ріЏ рЅЁріЊрѕй ріарІхрѕГрїѕріЊрѕЇрЇб­Ъјё ­ЪДд­ЪјЂ­ЪДИ ріЦріЋрІ▓рѕЂрѕЮ рЅаріљрІџрѕЂ рЅђріЊрЅХрЅй ріе3000­Ъњх рЅарѕІрІГ рѕѕрѕџрїѕрІЎ рІ░ріЋрЅаріърЅ╗рЅйріЋ­ЪјЂ рѕЇрІЕ рІерЅарІЊрѕЇ рѕхрїдрЅ│ ріарІўрїІрїЁрЅ░ріЊрѕЇ­ЪјЂ­ЪјЂ­ЪДд Рюћ№ИЈ рі│рѕірЅ▓ рЅБрѕѕ 3 рѕ░рѕГрЅбрѕх Рюћ№ИЈ рѕЏрѕФріф рІерѕєріљ рІЇрЅЦ ріЦрЅЃ Рюћ№ИЈ рѕѕрЅцрЅх рЅбрѕЅ рѕѕрѕхрїдрЅ│ рЅ░рѕўрѕФрїГ рЅа­ЪЊЦ РЮї1700РЮї Рюћ№ИЈ1500Рюћ№ИЈ РўЃ№ИЈ рІерЅ▓ріГ рЅХріГ рЇћрїЃрЅйріЋріЋ рѕѕрѕЏрїЇріўрЅх рѕіріЋріЕріЋ рІГрїФріЉ РгЄ№ИЈ http://tiktok.com/@modernshoppingcenter1 ­ЪЊъ 0924743736 ­ЪЊъ 0974978584 рЅарѕхрѕФрЅйріЋ рѕІрІГ рЅЁрѕгрЅ│ ріФрѕѕрІјрЅх рЅЦрЅ╗ рЅарІџрѕЁ рѕхрѕЇріГ рІ░рІЅрѕѕрІЅ рІФрѕ│рІЅрЅЂріЋрЇб ­Ъјё ­ЪЊъ 0961373839 Рюѕ№ИЈ рІерѕўрѕерїАрЅхріЋ ріЦрЅЃ рѕѕрѕЏрІўрІЮ ріерЅ│рЅй рЅБрѕѕрІЅ рІерЅ┤рѕїрїЇрѕФрѕЮ ріарІхрѕФрѕ╗ рІГрѕІріЕрѕЇріЋ ­Ъњг t.me/modernshopping1 ­Ъњг t.me/modernshopping2 ­Ъџџ ріарІ▓рѕх ріарЅарЅБ рІЅрѕхрїЦ ріе100рЅЦрѕГ ріЦрѕхріе 200рЅЦрѕГ рЅЦрЅ╗ рЅарѕЏрѕхріерЇѕрѕЇ рІФрѕЅрЅарЅх рІхрѕерѕх рЅарЇѕрїБріЋ рѕърЅ░рѕеріърЅ╗рЅйріЋ ріЦріЋрѕЇріГрѕЇрІЈрЅ│рѕѕріЋрЇб ­ЪџЌ рѕѕріГрЇЇрѕѕ рѕђрїѕрѕГ рІ░ріЋрЅаріърЅ╗рЅйріЋ рЅарѕўріљрѕљрѕфрІФ рЅаріЕрѕЇ ріарІхрѕГрїѕріЋ рЅарѕ╣рЇїрѕГ ріЦріЋрѕЇріФрѕѕріЋрЇб РЮЊ ріарІхрѕФрѕ╗ рЅЂрїЦрѕГ 1№ИЈРЃБ = рїЅрѕГрІхрѕЙрѕІ ріерѕ┤ріЋрЅИрѕф рѕърѕЇ рЅхріЋрѕй рІЮрЅЁ ріЦріЋрІ│рѕЅ ( рѕєрѕі рѕ▓рЅ▓ рѕ┤ріЋрЅ░рѕГ рѕърѕЇ ) рѕІрІГ ріЦріЋрІ░рїѕрЅА рЇірЅхрѕѕрЇірЅх ріерѕірЇЇрЅ▒ рЅарїЇрѕФ рЅаріЕрѕЇ рѕџрІЏріЋ рѕІрІГ M06 рЅЂрїЦрѕГ 2№ИЈРЃБ = рїђрѕъ рѕўрѕхрЅ│рІѕрЅх рЇІрЅЦрѕфріФ рїГрѕх рѕўрІЅрїФрІЅ рЇірЅх рѕѕрЇірЅх ( рѕФрѕљ рѕърѕЇ ) рїЇрѕФрІЅріЋрІх рЇЇрѕјрѕГ ріерІ░рѕерїЃрІЅ рїјріЋ RM G-06 (рЅхрѕЇрЅЂ рѕџріЊ рЇѕрѕГріњрЅИрѕГ рІФрѕѕрЅарЅх рѕЁріЋрЇЃ) РГљ№ИЈ ""рЅарѕърІ░рѕГріЋ ріЦрЅЃрІѕрІЈрЅй рѕѓрІѕрЅхрІјріЋ рѕърІ░рѕГріЊрІГрІЮ рІФрІхрѕГрїЅ ""РГљ№ИЈ",-1001649695480
5328,2025-01-05T18:49:01+00:00,,-1001649695480
5327,2025-01-05T18:49:01+00:00,"­ЪћЦ рЅ░рїђрѕўрѕе ­ЪњАрЅ░рїђрѕўрѕе­ЪњА рЅ░рїђрѕўрѕе ­ЪћЦ ­ЪјёрѕЇрІЕ ріЦрІЅріљрЅ░ріЏ рІерЅарІЊрѕЇ рЅЁріЊрѕй­Ъјё ­Ъјё ріерЅ│рѕЁрѕ│рѕх 21 ріЦрѕхріе рїЦрѕГ 7 рІхрѕерѕх рІерѕџрЅєрІГ ріЦрІЅріљрЅ░ріЏ рЅЁріЊрѕй ріарІхрѕГрїѕріЊрѕЇрЇб­Ъјё ­ЪДд­ЪјЂ­ЪДИ ріЦріЋрІ▓рѕЂрѕЮ рЅаріљрІџрѕЂ рЅђріЊрЅХрЅй ріе3000­Ъњх рЅарѕІрІГ рѕѕрѕџрїѕрІЎ рІ░ріЋрЅаріърЅ╗рЅйріЋ­ЪјЂ рѕЇрІЕ рІерЅарІЊрѕЇ рѕхрїдрЅ│ ріарІўрїІрїЁрЅ░ріЊрѕЇ­ЪјЂ­ЪјЂ­ЪДд ­Ъћц рЅарѕѕ 3 рЅ░рІ░рѕФрѕФрЅб рІерѕЮрїЇрЅЦ рѕЏрЅЁрѕерЅбрІФ ­Ъћц рѕѕрѕЕрІЮрЇБрѕѕріарЅхріГрѕЇрЅхрЇБрѕѕрІѕрїБрІѕрїЦ рѕЏрЅЁрѕерЅбрІФ ­Ъћц ріерѕЏрѕФріф рѕИріГрѕІ рІерЅ░рѕ░рѕФ ­Ъћц 3 рЅ░рѕўрѕ│рѕ│рІГ рѕўрїаріЋ рІФрѕІрЅИрІЅ рѕЏрЅЁрѕерЅбрІФрІјрЅй ­Ъћц рѕЏрЅЁрѕерЅбрІФрІјрЅ╣ рѕѕрІерЅЦрЅ╗ рѕўріљрѕ│рЅх рІерѕџрЅйрѕЅ ­Ъћц рІерѕЏрІГрІЮрїЇ рїјрѕЇрІ░ріЋ ріерѕѕрѕГ рІерЅЦрѕерЅх рѕЏрѕхрЅђрѕўрїФ рІФрѕѕрІЅ ­Ъћц рѕѕріфрЅйріЋрІј рЅ░рїерѕЏрѕф рІхрѕЮрЅђрЅх рІерѕџрѕєріЋ рЅа­ЪЉј ­Ъњх5№ИЈРЃБ0№ИЈРЃБ0№ИЈРЃБ0№ИЈРЃБ­Ъњх РўЃ№ИЈ рІерЅ▓ріГ рЅХріГ рЇћрїЃрЅйріЋріЋ рѕѕрѕЏрїЇріўрЅх рѕіріЋріЕріЋ рІГрїФріЉ РгЄ№ИЈ http://tiktok.com/@modernshoppingcenter1 ­ЪЊъ 0924743736 ­ЪЊъ 0974978584 рЅарѕхрѕФрЅйріЋ рѕІрІГ рЅЁрѕгрЅ│ ріФрѕѕрІјрЅх рЅЦрЅ╗ рЅарІџрѕЁ рѕхрѕЇріГ рІ░рІЅрѕѕрІЅ рІФрѕ│рІЅрЅЂріЋрЇб ­Ъјё ­ЪЊъ 0961373839 Рюѕ№ИЈ рІерѕўрѕерїАрЅхріЋ ріЦрЅЃ рѕѕрѕЏрІўрІЮ ріерЅ│рЅй рЅБрѕѕрІЅ рІерЅ┤рѕїрїЇрѕФрѕЮ ріарІхрѕФрѕ╗ рІГрѕІріЕрѕЇріЋ ­Ъњг t.me/modernshopping1 ­Ъњг t.me/modernshopping2 ­Ъџџ ріарІ▓рѕх ріарЅарЅБ рІЅрѕхрїЦ ріе100рЅЦрѕГ ріЦрѕхріе 200рЅЦрѕГ рЅЦрЅ╗ рЅарѕЏрѕхріерЇѕрѕЇ рІФрѕЅрЅарЅх рІхрѕерѕх рЅарЇѕрїБріЋ рѕърЅ░рѕеріърЅ╗рЅйріЋ ріЦріЋрѕЇріГрѕЇрІЈрЅ│рѕѕріЋрЇб ­ЪџЌ рѕѕріГрЇЇрѕѕ рѕђрїѕрѕГ рІ░ріЋрЅаріърЅ╗рЅйріЋ рЅарѕўріљрѕљрѕфрІФ рЅаріЕрѕЇ ріарІхрѕГрїѕріЋ рЅарѕ╣рЇїрѕГ ріЦріЋрѕЇріФрѕѕріЋрЇб РЮЊ ріарІхрѕФрѕ╗ рЅЂрїЦрѕГ 1№ИЈРЃБ = рїЅрѕГрІхрѕЙрѕІ ріерѕ┤ріЋрЅИрѕф рѕърѕЇ рЅхріЋрѕй рІЮрЅЁ ріЦріЋрІ│рѕЅ ( рѕєрѕі рѕ▓рЅ▓ рѕ┤ріЋрЅ░рѕГ рѕърѕЇ ) рѕІрІГ ріЦріЋрІ░рїѕрЅА рЇірЅхрѕѕрЇірЅх ріерѕірЇЇрЅ▒ рЅарїЇрѕФ рЅаріЕрѕЇ рѕџрІЏріЋ рѕІрІГ M06 рЅЂрїЦрѕГ 2№ИЈРЃБ = рїђрѕъ рѕўрѕхрЅ│рІѕрЅх рЇІрЅЦрѕфріФ рїГрѕх рѕўрІЅрїФрІЅ рЇірЅх рѕѕрЇірЅх ( рѕФрѕљ рѕърѕЇ ) рїЇрѕФрІЅріЋрІх рЇЇрѕјрѕГ ріерІ░рѕерїЃрІЅ рїјріЋ RM G-06 (рЅхрѕЇрЅЂ рѕџріЊ рЇѕрѕГріњрЅИрѕГ рІФрѕѕрЅарЅх рѕЁріЋрЇЃ) РГљ№ИЈ ""рЅарѕърІ░рѕГріЋ ріЦрЅЃрІѕрІЈрЅй рѕѓрІѕрЅхрІјріЋ рѕърІ░рѕГріЊрІГрІЮ рІФрІхрѕГрїЅ ""РГљ№ИЈ",-1001649695480
5326,2025-01-05T07:37:59+00:00,,-1001649695480
5325,2025-01-05T07:37:59+00:00,,-1001649695480
5324,2025-01-05T07:37:59+00:00,,-1001649695480
5323,2025-01-05T07:37:59+00:00,"­ЪћЦ рЅ░рїђрѕўрѕе ­ЪњАрЅ░рїђрѕўрѕе­ЪњА рЅ░рїђрѕўрѕе ­ЪћЦ ­ЪјёрѕЇрІЕ ріЦрІЅріљрЅ░ріЏ рІерЅарІЊрѕЇ рЅЁріЊрѕй­Ъјё ­Ъјё ріерЅ│рѕЁрѕ│рѕх 21 ріЦрѕхріе рїЦрѕГ 7 рІхрѕерѕх рІерѕџрЅєрІГ ріЦрІЅріљрЅ░ріЏ рЅЁріЊрѕй ріарІхрѕГрїѕріЊрѕЇрЇб­Ъјё ­ЪДд­ЪјЂ­ЪДИ ріЦріЋрІ▓рѕЂрѕЮ рЅаріљрІџрѕЂ рЅђріЊрЅХрЅй ріе3000­Ъњх рЅарѕІрІГ рѕѕрѕџрїѕрІЎ рІ░ріЋрЅаріърЅ╗рЅйріЋ­ЪјЂ рѕЇрІЕ рІерЅарІЊрѕЇ рѕхрїдрЅ│ ріарІўрїІрїЁрЅ░ріЊрѕЇ­ЪјЂ­ЪјЂ­ЪДд ­Ъћц 100%рідрѕГрїѓріЊрѕЇ рІерЇћрѕГрѕЎрІЮ рѕ│рѕђріЋ ­Ъћц 3рІерЅ░рѕѕрІФрІе рѕўрїаріЋ рІФрѕІрЅИрІЅ ­Ъћц рїаріЋріФрѕФ рѕЏріЋрїарѕЇрїарІФ рІФрѕІрЅИрІЅ ­Ъћц 10рѕЇрЅхрѕГ , 5 рѕїрЅхрѕГ ріЦріЊ 2.5 рѕїрЅхрѕГ рІерѕўрІФрІЮ ріарЅЁрѕЮ рІФрѕІрЅИрІЇ ­ЪћцріГрІ│ріќрЅ╣ рІѕрЅєрѕѕрЇірІФ рІФрѕІрЅИрІЅ ­Ъћц рѕѕріфрЅйріЋрІј рЅ░рїерѕЏрѕф рІхрѕЮрЅђрЅх рІерѕџрѕєріЋ рЅа­ЪЉј ­Ъњх8№ИЈРЃБ5№ИЈРЃБ0№ИЈРЃБ0№ИЈРЃБ­Ъњх РўЃ№ИЈ рІерЅ▓ріГ рЅХріГ рЇћрїЃрЅйріЋріЋ рѕѕрѕЏрїЇріўрЅх рѕіріЋріЕріЋ рІГрїФріЉ РгЄ№ИЈ http://tiktok.com/@modernshoppingcenter1 ­ЪЊъ 0924743736 ­ЪЊъ 0974978584 рЅарѕхрѕФрЅйріЋ рѕІрІГ рЅЁрѕгрЅ│ ріФрѕѕрІјрЅх рЅЦрЅ╗ рЅарІџрѕЁ рѕхрѕЇріГ рІ░рІЅрѕѕрІЅ рІФрѕ│рІЅрЅЂріЋрЇб ­Ъјё ­ЪЊъ 0961373839 Рюѕ№ИЈ рІерѕўрѕерїАрЅхріЋ ріЦрЅЃ рѕѕрѕЏрІўрІЮ ріерЅ│рЅй рЅБрѕѕрІЅ рІерЅ┤рѕїрїЇрѕФрѕЮ ріарІхрѕФрѕ╗ рІГрѕІріЕрѕЇріЋ ­Ъњг t.me/modernshopping1 ­Ъњг t.me/modernshopping2 ­Ъџџ ріарІ▓рѕх ріарЅарЅБ рІЅрѕхрїЦ ріе100рЅЦрѕГ ріЦрѕхріе 200рЅЦрѕГ рЅЦрЅ╗ рЅарѕЏрѕхріерЇѕрѕЇ рІФрѕЅрЅарЅх рІхрѕерѕх рЅарЇѕрїБріЋ рѕърЅ░рѕеріърЅ╗рЅйріЋ ріЦріЋрѕЇріГрѕЇрІЈрЅ│рѕѕріЋрЇб ­ЪџЌ рѕѕріГрЇЇрѕѕ рѕђрїѕрѕГ рІ░ріЋрЅаріърЅ╗рЅйріЋ рЅарѕўріљрѕљрѕфрІФ рЅаріЕрѕЇ ріарІхрѕГрїѕріЋ рЅарѕ╣рЇїрѕГ ріЦріЋрѕЇріФрѕѕріЋрЇб РЮЊ ріарІхрѕФрѕ╗ рЅЂрїЦрѕГ 1№ИЈРЃБ = рїЅрѕГрІхрѕЙрѕІ ріерѕ┤ріЋрЅИрѕф рѕърѕЇ рЅхріЋрѕй рІЮрЅЁ ріЦріЋрІ│рѕЅ ( рѕєрѕі рѕ▓рЅ▓ рѕ┤ріЋрЅ░рѕГ рѕърѕЇ ) рѕІрІГ ріЦріЋрІ░рїѕрЅА рЇірЅхрѕѕрЇірЅх ріерѕірЇЇрЅ▒ рЅарїЇрѕФ рЅаріЕрѕЇ рѕџрІЏріЋ рѕІрІГ M06 рЅЂрїЦрѕГ 2№ИЈРЃБ = рїђрѕъ рѕўрѕхрЅ│рІѕрЅх рЇІрЅЦрѕфріФ рїГрѕх рѕўрІЅрїФрІЅ рЇірЅх рѕѕрЇірЅх ( рѕФрѕљ рѕърѕЇ ) рїЇрѕФрІЅріЋрІх рЇЇрѕјрѕГ ріерІ░рѕерїЃрІЅ рїјріЋ RM G-06 (рЅхрѕЇрЅЂ рѕџріЊ рЇѕрѕГріњрЅИрѕГ рІФрѕѕрЅарЅх рѕЁріЋрЇЃ) РГљ№ИЈ ""рЅарѕърІ░рѕГріЋ ріЦрЅЃрІѕрІЈрЅй рѕѓрІѕрЅхрІјріЋ рѕърІ░рѕГріЊрІГрІЮ рІФрІхрѕГрїЅ ""РГљ№ИЈ",-1001649695480
5322,2025-01-04T18:34:06+00:00,,-1001649695480
5321,2025-01-04T18:34:06+00:00,,-1001649695480
5320,2025-01-04T18:34:06+00:00,,-1001649695480
5319,2025-01-04T18:34:06+00:00,"­ЪћЦ рЅ░рїђрѕўрѕе ­ЪњАрЅ░рїђрѕўрѕе­ЪњА рЅ░рїђрѕўрѕе ­ЪћЦ ­ЪјёрѕЇрІЕ ріЦрІЅріљрЅ░ріЏ рІерЅарІЊрѕЇ рЅЁріЊрѕй­Ъјё ­Ъјё ріерЅ│рѕЁрѕ│рѕх 21 ріЦрѕхріе рїЦрѕГ 7 рІхрѕерѕх рІерѕџрЅєрІГ ріЦрІЅріљрЅ░ріЏ рЅЁріЊрѕй ріарІхрѕГрїѕріЊрѕЇрЇб­Ъјё ­ЪДд­ЪјЂ­ЪДИ ріЦріЋрІ▓рѕЂрѕЮ рЅаріљрІџрѕЂ рЅђріЊрЅХрЅй ріе3000­Ъњх рЅарѕІрІГ рѕѕрѕџрїѕрІЎ рІ░ріЋрЅаріърЅ╗рЅйріЋ­ЪјЂ рѕЇрІЕ рІерЅарІЊрѕЇ рѕхрїдрЅ│ ріарІўрїІрїЁрЅ░ріЊрѕЇ­ЪјЂ­ЪјЂ­ЪДд ­Ъћц рі│рѕірЅ▓ рІерІѕрїЦ рѕЏрЅЁрѕерЅбрІФ рѕ│рѕЁріќрЅй ­Ъћц ріеріЋрЇЂрѕЁ рѕИріГрѕІ рІерЅ░рѕ░рѕФ ­Ъћц 3 рІерЅ░рѕѕрІФрІЕ рѕўрїаріЋ рІФрѕІрЅИрІЅ рѕЏрЅЁрѕерЅбрІФрІјрЅй ­Ъћц рѕѕрїѕрЅарЅ│рІј рЅ░рїерѕЏрѕф рІхрѕЮрЅђрЅх рІерѕџрѕєріЋ ­Ъћц рЅхрѕЇрЅЂріЋ рЅа ­ЪЉЅ ­Ъњх2700­Ъњх ­Ъћц рѕўріФріерѕѕріЏрІЇріЋ рЅа ­ЪЉЅ ­Ъњх2300­Ъњх ­Ъћц рЅхріЋрѕ╣ріЋ рЅа ­ЪЉЅ ­Ъњх1800­Ъњх 3рЅ▒ріЋрѕЮ рЅа ­ЪЉЅ ­Ъњх6500­Ъњх РўЃ№ИЈ рІерЅ▓ріГ рЅХріГ рЇћрїЃрЅйріЋріЋ рѕѕрѕЏрїЇріўрЅх рѕіріЋріЕріЋ рІГрїФріЉ РгЄ№ИЈ http://tiktok.com/@modernshoppingcenter1 ­ЪЊъ 0924743736 ­ЪЊъ 0974978584 рЅарѕхрѕФрЅйріЋ рѕІрІГ рЅЁрѕгрЅ│ ріФрѕѕрІјрЅх рЅЦрЅ╗ рЅарІџрѕЁ рѕхрѕЇріГ рІ░рІЅрѕѕрІЅ рІФрѕ│рІЅрЅЂріЋрЇб ­Ъјё ­ЪЊъ 0961373839 Рюѕ№ИЈ рІерѕўрѕерїАрЅхріЋ ріЦрЅЃ рѕѕрѕЏрІўрІЮ ріерЅ│рЅй рЅБрѕѕрІЅ рІерЅ┤рѕїрїЇрѕФрѕЮ ріарІхрѕФрѕ╗ рІГрѕІріЕрѕЇріЋ ­Ъњг t.me/modernshopping1 ­Ъњг t.me/modernshopping2 ­Ъџџ ріарІ▓рѕх ріарЅарЅБ рІЅрѕхрїЦ ріе100рЅЦрѕГ ріЦрѕхріе 200рЅЦрѕГ рЅЦрЅ╗ рЅарѕЏрѕхріерЇѕрѕЇ рІФрѕЅрЅарЅх рІхрѕерѕх рЅарЇѕрїБріЋ рѕърЅ░рѕеріърЅ╗рЅйріЋ ріЦріЋрѕЇріГрѕЇрІЈрЅ│рѕѕріЋрЇб ­ЪџЌ рѕѕріГрЇЇрѕѕ рѕђрїѕрѕГ рІ░ріЋрЅаріърЅ╗рЅйріЋ рЅарѕўріљрѕљрѕфрІФ рЅаріЕрѕЇ ріарІхрѕГрїѕріЋ рЅарѕ╣рЇїрѕГ ріЦріЋрѕЇріФрѕѕріЋрЇб РЮЊ ріарІхрѕФрѕ╗ рЅЂрїЦрѕГ 1№ИЈРЃБ = рїЅрѕГрІхрѕЙрѕІ ріерѕ┤ріЋрЅИрѕф рѕърѕЇ рЅхріЋрѕй рІЮрЅЁ ріЦріЋрІ│рѕЅ ( рѕєрѕі рѕ▓рЅ▓ рѕ┤ріЋрЅ░рѕГ рѕърѕЇ ) рѕІрІГ ріЦріЋрІ░рїѕрЅА рЇірЅхрѕѕрЇірЅх ріерѕірЇЇрЅ▒ рЅарїЇрѕФ рЅаріЕрѕЇ рѕџрІЏріЋ рѕІрІГ M06 рЅЂрїЦрѕГ 2№ИЈРЃБ = рїђрѕъ рѕўрѕхрЅ│рІѕрЅх рЇІрЅЦрѕфріФ рїГрѕх рѕўрІЅрїФрІЅ рЇірЅх рѕѕрЇірЅх ( рѕФрѕљ рѕърѕЇ ) рїЇрѕФрІЅріЋрІх рЇЇрѕјрѕГ ріерІ░рѕерїЃрІЅ рїјріЋ RM G-06 (рЅхрѕЇрЅЂ рѕџріЊ рЇѕрѕГріњрЅИрѕГ рІФрѕѕрЅарЅх рѕЁріЋрЇЃ) РГљ№ИЈ ""рЅарѕърІ░рѕГріЋ ріЦрЅЃрІѕрІЈрЅй рѕѓрІѕрЅхрІјріЋ рѕърІ░рѕГріЊрІГрІЮ рІФрІхрѕГрїЅ ""РГљ№ИЈ",-1001649695480
5318,2025-01-04T16:57:42+00:00,­ЪЉЇ­ЪЉЇ­ЪЉЇ­ЪЉЇ­ЪЉЇ­ЪЉЇ­ЪЉЇ­ЪЉЇ­ЪЉЇ­ЪЉЇ рЅарѕерЇЇрЅх рЅђріЋрІј ріЦрІерЅ░рІЮріЊріЉ рѕўрїѕрЅЦрІерЅх ріерЇѕрѕѕрїЅ ­ЪўЅ рЅа 2рЅ▒рѕЮ рЅЁрѕГріЋрїФрЇјрЅ╗рЅйріЋ ріерїарІІрЅ▒ 2:30 ріЦрѕхріе рЅђріЉ 10:00 ріГрЇЇрЅх рѕєріљрІЅ рІГрїарЅЦрЅєрІјрЅ│рѕЇ­ЪЉЇ,-1001649695480
5317,2025-01-04T10:56:32+00:00,"­ЪћЦ рЅ░рїђрѕўрѕе ­ЪњАрЅ░рїђрѕўрѕе­ЪњА рЅ░рїђрѕўрѕе ­ЪћЦ ­ЪјёрѕЇрІЕ ріЦрІЅріљрЅ░ріЏ рІерЅарІЊрѕЇ рЅЁріЊрѕй­Ъјё ­Ъјё ріерЅ│рѕЁрѕ│рѕх 21 ріЦрѕхріе рїЦрѕГ 7 рІхрѕерѕх рІерѕџрЅєрІГ ріЦрІЅріљрЅ░ріЏ рЅЁріЊрѕй ріарІхрѕГрїѕріЊрѕЇрЇб­Ъјё ­ЪДд­ЪјЂ­ЪДИ ріЦріЋрІ▓рѕЂрѕЮ рЅаріљрІџрѕЂ рЅђріЊрЅХрЅй ріе3000­Ъњх рЅарѕІрІГ рѕѕрѕџрїѕрІЎ рІ░ріЋрЅаріърЅ╗рЅйріЋ­ЪјЂ рѕЇрІЕ рІерЅарІЊрѕЇ рѕхрїдрЅ│ ріарІўрїІрїЁрЅ░ріЊрѕЇ­ЪјЂ­ЪјЂ­ЪДд ­Ъћц ріЦрїЁрїЇ рІЅрЅЦріЊ рЅёріЋрїаріЏ рІерЅАріЊ рѕ▓ріњ ріЦріЊ рІерѕ╗рІГ /рІѕрЅ░рЅх рѕхріњрІјрЅй 24рЇЇрѕг ­Ъћц 6 рІерЅАріЊ рѕхріњ ріеріљ рѕЏрѕхрЅђрѕўрїФрІЇ ­Ъћц 6 рІерѕ╗рІГ рІѕрІГрѕЮ рІерІѕрЅ░рЅх рѕўрїарїФ ріеріљ рѕЏрѕхрЅђрѕўрїФрІЇ ­Ъћц ріеріЋрЇЂрѕЁ рѕИріГрѕІ рІерЅ░рѕ░рѕЕ ­Ъћц рѕѕрЅцрЅхрІј рЅбрѕЅ рѕѕрѕхрїдрЅ│ рЅ░рѕўрѕФрїГ ­Ъћц рЅарЅ░рѕѕрІФрІе ріарІГріљрЅх рІ▓рІЏрІГріЋ рІерЅђрѕерЅа рЅа­ЪЉј ­Ъњх6№ИЈРЃБ5№ИЈРЃБ0№ИЈРЃБ0№ИЈРЃБ­Ъњх РўЃ№ИЈ рІерЅ▓ріГ рЅХріГ рЇћрїЃрЅйріЋріЋ рѕѕрѕЏрїЇріўрЅх рѕіріЋріЕріЋ рІГрїФріЉ РгЄ№ИЈ http://tiktok.com/@modernshoppingcenter1 ­ЪЊъ 0924743736 ­ЪЊъ 0974978584 рЅарѕхрѕФрЅйріЋ рѕІрІГ рЅЁрѕгрЅ│ ріФрѕѕрІјрЅх рЅЦрЅ╗ рЅарІџрѕЁ рѕхрѕЇріГ рІ░рІЅрѕѕрІЅ рІФрѕ│рІЅрЅЂріЋрЇб ­Ъјё ­ЪЊъ 0961373839 Рюѕ№ИЈ рІерѕўрѕерїАрЅхріЋ ріЦрЅЃ рѕѕрѕЏрІўрІЮ ріерЅ│рЅй рЅБрѕѕрІЅ рІерЅ┤рѕїрїЇрѕФрѕЮ ріарІхрѕФрѕ╗ рІГрѕІріЕрѕЇріЋ ­Ъњг t.me/modernshopping1 ­Ъњг t.me/modernshopping2 ­Ъџџ ріарІ▓рѕх ріарЅарЅБ рІЅрѕхрїЦ ріе100рЅЦрѕГ ріЦрѕхріе 200рЅЦрѕГ рЅЦрЅ╗ рЅарѕЏрѕхріерЇѕрѕЇ рІФрѕЅрЅарЅх рІхрѕерѕх рЅарЇѕрїБріЋ рѕърЅ░рѕеріърЅ╗рЅйріЋ ріЦріЋрѕЇріГрѕЇрІЈрЅ│рѕѕріЋрЇб ­ЪџЌ рѕѕріГрЇЇрѕѕ рѕђрїѕрѕГ рІ░ріЋрЅаріърЅ╗рЅйріЋ рЅарѕўріљрѕљрѕфрІФ рЅаріЕрѕЇ ріарІхрѕГрїѕріЋ рЅарѕ╣рЇїрѕГ ріЦріЋрѕЇріФрѕѕріЋрЇб РЮЊ ріарІхрѕФрѕ╗ рЅЂрїЦрѕГ 1№ИЈРЃБ = рїЅрѕГрІхрѕЙрѕІ ріерѕ┤ріЋрЅИрѕф рѕърѕЇ рЅхріЋрѕй рІЮрЅЁ ріЦріЋрІ│рѕЅ ( рѕєрѕі рѕ▓рЅ▓ рѕ┤ріЋрЅ░рѕГ рѕърѕЇ ) рѕІрІГ ріЦріЋрІ░рїѕрЅА рЇірЅхрѕѕрЇірЅх ріерѕірЇЇрЅ▒ рЅарїЇрѕФ рЅаріЕрѕЇ рѕџрІЏріЋ рѕІрІГ M06 рЅЂрїЦрѕГ 2№ИЈРЃБ = рїђрѕъ рѕўрѕхрЅ│рІѕрЅх рЇІрЅЦрѕфріФ рїГрѕх рѕўрІЅрїФрІЅ рЇірЅх рѕѕрЇірЅх ( рѕФрѕљ рѕърѕЇ ) рїЇрѕФрІЅріЋрІх рЇЇрѕјрѕГ ріерІ░рѕерїЃрІЅ рїјріЋ RM G-06 (рЅхрѕЇрЅЂ рѕџріЊ рЇѕрѕГріњрЅИрѕГ рІФрѕѕрЅарЅх рѕЁріЋрЇЃ) РГљ№ИЈ ""рЅарѕърІ░рѕГріЋ ріЦрЅЃрІѕрІЈрЅй рѕѓрІѕрЅхрІјріЋ рѕърІ░рѕГріЊрІГрІЮ рІФрІхрѕГрїЅ ""РГљ№ИЈ",-1001649695480
5316,2025-01-04T10:56:32+00:00,,-1001649695480
5315,2025-01-04T09:11:26+00:00,,-1001649695480
5314,2025-01-04T09:11:26+00:00,,-1001649695480
5313,2025-01-04T09:11:26+00:00,,-1001649695480
5312,2025-01-04T09:11:26+00:00,"­ЪћЦ рЅ░рїђрѕўрѕе ­ЪњАрЅ░рїђрѕўрѕе­ЪњА рЅ░рїђрѕўрѕе ­ЪћЦ ­ЪјёрѕЇрІЕ ріЦрІЅріљрЅ░ріЏ рІерЅарІЊрѕЇ рЅЁріЊрѕй­Ъјё ­Ъјё ріерЅ│рѕЁрѕ│рѕх 21 ріЦрѕхріе рїЦрѕГ 7 рІхрѕерѕх рІерѕџрЅєрІГ ріЦрІЅріљрЅ░ріЏ рЅЁріЊрѕй ріарІхрѕГрїѕріЊрѕЇрЇб­Ъјё ­ЪДд­ЪјЂ­ЪДИ ріЦріЋрІ▓рѕЂрѕЮ рЅаріљрІџрѕЂ рЅђріЊрЅХрЅй ріе3000­Ъњх рЅарѕІрІГ рѕѕрѕџрїѕрІЎ рІ░ріЋрЅаріърЅ╗рЅйріЋ­ЪјЂ рѕЇрІЕ рІерЅарІЊрѕЇ рѕхрїдрЅ│ ріарІўрїІрїЁрЅ░ріЊрѕЇ­ЪјЂ­ЪјЂ­ЪДд Рюћ№ИЈ Bread knife Рюћ№ИЈ рі│рѕірЅ▓ рІФрѕѕрІЇ рІерІ│рЅд рѕўрЅЂрѕерїФ рЅбрѕІ Рюћ№ИЈ ріЦрѕхрЅ┤рѕѕрѕх ріЦрѕхрЅ▓рѕЇ рІерѕєріљ Рюћ№ИЈ рЅарѕЂрѕѕрЅх ріарІГріљрЅх рѕўрїаріЋ рІерЅђрѕерЅа Рюћ№ИЈ рЅхрѕЇрЅЂріЋ рЅа­ЪЉЅ ­Ъњх1000­Ъњх Рюћ№ИЈ рЅхріЋрѕ╣ріЋ рЅа­ЪЉЅ ­Ъњх450­Ъњх РўЃ№ИЈ рІерЅ▓ріГ рЅХріГ рЇћрїЃрЅйріЋріЋ рѕѕрѕЏрїЇріўрЅх рѕіріЋріЕріЋ рІГрїФріЉ РгЄ№ИЈ http://tiktok.com/@modernshoppingcenter1 ­ЪЊъ 0924743736 ­ЪЊъ 0974978584 рЅарѕхрѕФрЅйріЋ рѕІрІГ рЅЁрѕгрЅ│ ріФрѕѕрІјрЅх рЅЦрЅ╗ рЅарІџрѕЁ рѕхрѕЇріГ рІ░рІЅрѕѕрІЅ рІФрѕ│рІЅрЅЂріЋрЇб ­Ъјё ­ЪЊъ 0961373839 Рюѕ№ИЈ рІерѕўрѕерїАрЅхріЋ ріЦрЅЃ рѕѕрѕЏрІўрІЮ ріерЅ│рЅй рЅБрѕѕрІЅ рІерЅ┤рѕїрїЇрѕФрѕЮ ріарІхрѕФрѕ╗ рІГрѕІріЕрѕЇріЋ ­Ъњг t.me/modernshopping1 ­Ъњг t.me/modernshopping2 ­Ъџџ ріарІ▓рѕх ріарЅарЅБ рІЅрѕхрїЦ ріе100рЅЦрѕГ ріЦрѕхріе 200рЅЦрѕГ рЅЦрЅ╗ рЅарѕЏрѕхріерЇѕрѕЇ рІФрѕЅрЅарЅх рІхрѕерѕх рЅарЇѕрїБріЋ рѕърЅ░рѕеріърЅ╗рЅйріЋ ріЦріЋрѕЇріГрѕЇрІЈрЅ│рѕѕріЋрЇб ­ЪџЌ рѕѕріГрЇЇрѕѕ рѕђрїѕрѕГ рІ░ріЋрЅаріърЅ╗рЅйріЋ рЅарѕўріљрѕљрѕфрІФ рЅаріЕрѕЇ ріарІхрѕГрїѕріЋ рЅарѕ╣рЇїрѕГ ріЦріЋрѕЇріФрѕѕріЋрЇб РЮЊ ріарІхрѕФрѕ╗ рЅЂрїЦрѕГ 1№ИЈРЃБ = рїЅрѕГрІхрѕЙрѕІ ріерѕ┤ріЋрЅИрѕф рѕърѕЇ рЅхріЋрѕй рІЮрЅЁ ріЦріЋрІ│рѕЅ ( рѕєрѕі рѕ▓рЅ▓ рѕ┤ріЋрЅ░рѕГ рѕърѕЇ ) рѕІрІГ ріЦріЋрІ░рїѕрЅА рЇірЅхрѕѕрЇірЅх ріерѕірЇЇрЅ▒ рЅарїЇрѕФ рЅаріЕрѕЇ рѕџрІЏріЋ рѕІрІГ M06 рЅЂрїЦрѕГ 2№ИЈРЃБ = рїђрѕъ рѕўрѕхрЅ│рІѕрЅх рЇІрЅЦрѕфріФ рїГрѕх рѕўрІЅрїФрІЅ рЇірЅх рѕѕрЇірЅх ( рѕФрѕљ рѕърѕЇ ) рїЇрѕФрІЅріЋрІх рЇЇрѕјрѕГ ріерІ░рѕерїЃрІЅ рїјріЋ RM G-06 (рЅхрѕЇрЅЂ рѕџріЊ рЇѕрѕГріњрЅИрѕГ рІФрѕѕрЅарЅх рѕЁріЋрЇЃ) РГљ№ИЈ ""рЅарѕърІ░рѕГріЋ ріЦрЅЃрІѕрІЈрЅй рѕѓрІѕрЅхрІјріЋ рѕърІ░рѕГріЊрІГрІЮ рІФрІхрѕГрїЅ ""РГљ№ИЈ",-1001649695480
5311,2025-01-04T05:59:23+00:00,"­ЪћЦ рЅ░рїђрѕўрѕе ­ЪњАрЅ░рїђрѕўрѕе­ЪњА рЅ░рїђрѕўрѕе ­ЪћЦ ­ЪјёрѕЇрІЕ ріЦрІЅріљрЅ░ріЏ рІерЅарІЊрѕЇ рЅЁріЊрѕй­Ъјё ­Ъјё ріерЅ│рѕЁрѕ│рѕх 21 ріЦрѕхріе рїЦрѕГ 7 рІхрѕерѕх рІерѕџрЅєрІГ ріЦрІЅріљрЅ░ріЏ рЅЁріЊрѕй ріарІхрѕГрїѕріЊрѕЇрЇб­Ъјё ­ЪДд­ЪјЂ­ЪДИ ріЦріЋрІ▓рѕЂрѕЮ рЅаріљрІџрѕЂ рЅђріЊрЅХрЅй ріе3000­Ъњх рЅарѕІрІГ рѕѕрѕџрїѕрІЎ рІ░ріЋрЅаріърЅ╗рЅйріЋ­ЪјЂ рѕЇрІЕ рІерЅарІЊрѕЇ рѕхрїдрЅ│ ріарІўрїІрїЁрЅ░ріЊрѕЇ­ЪјЂ­ЪјЂ­ЪДд Рюћ№ИЈрІерЅЂрѕГрїЦ рЅбрѕѕрІІ Рюћ№ИЈ рЅарїБрѕЮ рі│рѕірЅ▓ Рюћ№ИЈ ріЦрїёрЅ│рІЅ ріЦріЋрїерЅх рІерѕєріљ Рюћ№ИЈ рЅарїБрѕЮ рѕхрѕЇ рІерѕєріљ рЅа­ЪЉј ­Ъњх2№ИЈРЃБ0№ИЈРЃБ0№ИЈРЃБ­Ъњх РўЃ№ИЈ рІерЅ▓ріГ рЅХріГ рЇћрїЃрЅйріЋріЋ рѕѕрѕЏрїЇріўрЅх рѕіріЋріЕріЋ рІГрїФріЉ РгЄ№ИЈ http://tiktok.com/@modernshoppingcenter1 ­ЪЊъ 0924743736 ­ЪЊъ 0974978584 рЅарѕхрѕФрЅйріЋ рѕІрІГ рЅЁрѕгрЅ│ ріФрѕѕрІјрЅх рЅЦрЅ╗ рЅарІџрѕЁ рѕхрѕЇріГ рІ░рІЅрѕѕрІЅ рІФрѕ│рІЅрЅЂріЋрЇб ­Ъјё ­ЪЊъ 0961373839 Рюѕ№ИЈ рІерѕўрѕерїАрЅхріЋ ріЦрЅЃ рѕѕрѕЏрІўрІЮ ріерЅ│рЅй рЅБрѕѕрІЅ рІерЅ┤рѕїрїЇрѕФрѕЮ ріарІхрѕФрѕ╗ рІГрѕІріЕрѕЇріЋ ­Ъњг t.me/modernshopping1 ­Ъњг t.me/modernshopping2 ­Ъџџ ріарІ▓рѕх ріарЅарЅБ рІЅрѕхрїЦ ріе100рЅЦрѕГ ріЦрѕхріе 200рЅЦрѕГ рЅЦрЅ╗ рЅарѕЏрѕхріерЇѕрѕЇ рІФрѕЅрЅарЅх рІхрѕерѕх рЅарЇѕрїБріЋ рѕърЅ░рѕеріърЅ╗рЅйріЋ ріЦріЋрѕЇріГрѕЇрІЈрЅ│рѕѕріЋрЇб ­ЪџЌ рѕѕріГрЇЇрѕѕ рѕђрїѕрѕГ рІ░ріЋрЅаріърЅ╗рЅйріЋ рЅарѕўріљрѕљрѕфрІФ рЅаріЕрѕЇ ріарІхрѕГрїѕріЋ рЅарѕ╣рЇїрѕГ ріЦріЋрѕЇріФрѕѕріЋрЇб РЮЊ ріарІхрѕФрѕ╗ рЅЂрїЦрѕГ 1№ИЈРЃБ = рїЅрѕГрІхрѕЙрѕІ ріерѕ┤ріЋрЅИрѕф рѕърѕЇ рЅхріЋрѕй рІЮрЅЁ ріЦріЋрІ│рѕЅ ( рѕєрѕі рѕ▓рЅ▓ рѕ┤ріЋрЅ░рѕГ рѕърѕЇ ) рѕІрІГ ріЦріЋрІ░рїѕрЅА рЇірЅхрѕѕрЇірЅх ріерѕірЇЇрЅ▒ рЅарїЇрѕФ рЅаріЕрѕЇ рѕџрІЏріЋ рѕІрІГ M06 рЅЂрїЦрѕГ 2№ИЈРЃБ = рїђрѕъ рѕўрѕхрЅ│рІѕрЅх рЇІрЅЦрѕфріФ рїГрѕх рѕўрІЅрїФрІЅ рЇірЅх рѕѕрЇірЅх ( рѕФрѕљ рѕърѕЇ ) рїЇрѕФрІЅріЋрІх рЇЇрѕјрѕГ ріерІ░рѕерїЃрІЅ рїјріЋ RM G-06 (рЅхрѕЇрЅЂ рѕџріЊ рЇѕрѕГріњрЅИрѕГ рІФрѕѕрЅарЅх рѕЁріЋрЇЃ) РГљ№ИЈ ""рЅарѕърІ░рѕГріЋ ріЦрЅЃрІѕрІЈрЅй рѕѓрІѕрЅхрІјріЋ рѕърІ░рѕГріЊрІГрІЮ рІФрІхрѕГрїЅ ""РГљ№ИЈ",-1001649695480
5310,2025-01-03T16:40:38+00:00,,-1001649695480
5309,2025-01-03T16:40:38+00:00,"­ЪћЦ рЅ░рїђрѕўрѕе ­ЪњАрЅ░рїђрѕўрѕе­ЪњА рЅ░рїђрѕўрѕе ­ЪћЦ ­ЪјёрѕЇрІЕ ріЦрІЅріљрЅ░ріЏ рІерЅарІЊрѕЇ рЅЁріЊрѕй­Ъјё ­Ъјё ріерЅ│рѕЁрѕ│рѕх 21 ріЦрѕхріе рїЦрѕГ 7 рІхрѕерѕх рІерѕџрЅєрІГ ріЦрІЅріљрЅ░ріЏ рЅЁріЊрѕй ріарІхрѕГрїѕріЊрѕЇрЇб­Ъјё ­ЪДд­ЪјЂ­ЪДИ ріЦріЋрІ▓рѕЂрѕЮ рЅаріљрІџрѕЂ рЅђріЊрЅХрЅй ріе3000­Ъњх рЅарѕІрІГ рѕѕрѕџрїѕрІЎ рІ░ріЋрЅаріърЅ╗рЅйріЋ­ЪјЂ рѕЇрІЕ рІерЅарІЊрѕЇ рѕхрїдрЅ│ ріарІўрїІрїЁрЅ░ріЊрѕЇ­ЪјЂ­ЪјЂ­ЪДд Рюћ№ИЈ рІерЅбрѕІ рѕърѕерІх Рюћ№ИЈ рѕѕрІ░ріљрІў рЅбрѕѕрІІ рЇЇрЅ▒ріЋ рѕўрІхрѕђріњрЅх Рюћ№ИЈ рѕѕріарїарЅЃрЅђрѕЮ рЅарїБрѕЮ рЅђрѕІрѕЇ рЅа­ЪЉј ­Ъњх4№ИЈРЃБ5№ИЈРЃБ0№ИЈРЃБ­Ъњх РўЃ№ИЈ рІерЅ▓ріГ рЅХріГ рЇћрїЃрЅйріЋріЋ рѕѕрѕЏрїЇріўрЅх рѕіріЋріЕріЋ рІГрїФріЉ РгЄ№ИЈ http://tiktok.com/@modernshoppingcenter1 ­ЪЊъ 0924743736 ­ЪЊъ 0974978584 рЅарѕхрѕФрЅйріЋ рѕІрІГ рЅЁрѕгрЅ│ ріФрѕѕрІјрЅх рЅЦрЅ╗ рЅарІџрѕЁ рѕхрѕЇріГ рІ░рІЅрѕѕрІЅ рІФрѕ│рІЅрЅЂріЋрЇб ­Ъјё ­ЪЊъ 0961373839 Рюѕ№ИЈ рІерѕўрѕерїАрЅхріЋ ріЦрЅЃ рѕѕрѕЏрІўрІЮ ріерЅ│рЅй рЅБрѕѕрІЅ рІерЅ┤рѕїрїЇрѕФрѕЮ ріарІхрѕФрѕ╗ рІГрѕІріЕрѕЇріЋ ­Ъњг t.me/modernshopping1 ­Ъњг t.me/modernshopping2 ­Ъџџ ріарІ▓рѕх ріарЅарЅБ рІЅрѕхрїЦ ріе100рЅЦрѕГ ріЦрѕхріе 200рЅЦрѕГ рЅЦрЅ╗ рЅарѕЏрѕхріерЇѕрѕЇ рІФрѕЅрЅарЅх рІхрѕерѕх рЅарЇѕрїБріЋ рѕърЅ░рѕеріърЅ╗рЅйріЋ ріЦріЋрѕЇріГрѕЇрІЈрЅ│рѕѕріЋрЇб ­ЪџЌ рѕѕріГрЇЇрѕѕ рѕђрїѕрѕГ рІ░ріЋрЅаріърЅ╗рЅйріЋ рЅарѕўріљрѕљрѕфрІФ рЅаріЕрѕЇ ріарІхрѕГрїѕріЋ рЅарѕ╣рЇїрѕГ ріЦріЋрѕЇріФрѕѕріЋрЇб РЮЊ ріарІхрѕФрѕ╗ рЅЂрїЦрѕГ 1№ИЈРЃБ = рїЅрѕГрІхрѕЙрѕІ ріерѕ┤ріЋрЅИрѕф рѕърѕЇ рЅхріЋрѕй рІЮрЅЁ ріЦріЋрІ│рѕЅ ( рѕєрѕі рѕ▓рЅ▓ рѕ┤ріЋрЅ░рѕГ рѕърѕЇ ) рѕІрІГ ріЦріЋрІ░рїѕрЅА рЇірЅхрѕѕрЇірЅх ріерѕірЇЇрЅ▒ рЅарїЇрѕФ рЅаріЕрѕЇ рѕџрІЏріЋ рѕІрІГ M06 рЅЂрїЦрѕГ 2№ИЈРЃБ = рїђрѕъ рѕўрѕхрЅ│рІѕрЅх рЇІрЅЦрѕфріФ рїГрѕх рѕўрІЅрїФрІЅ рЇірЅх рѕѕрЇірЅх ( рѕФрѕљ рѕърѕЇ ) рїЇрѕФрІЅріЋрІх рЇЇрѕјрѕГ ріерІ░рѕерїЃрІЅ рїјріЋ RM G-06 (рЅхрѕЇрЅЂ рѕџріЊ рЇѕрѕГріњрЅИрѕГ рІФрѕѕрЅарЅх рѕЁріЋрЇЃ) РГљ№ИЈ ""рЅарѕърІ░рѕГріЋ ріЦрЅЃрІѕрІЈрЅй рѕѓрІѕрЅхрІјріЋ рѕърІ░рѕГріЊрІГрІЮ рІФрІхрѕГрїЅ ""РГљ№ИЈ",-1001649695480
5308,2025-01-03T11:07:44+00:00,,-1001649695480
5307,2025-01-03T11:07:44+00:00,,-1001649695480
5306,2025-01-03T11:07:44+00:00,"­ЪћЦ рЅ░рїђрѕўрѕе ­ЪњАрЅ░рїђрѕўрѕе­ЪњА рЅ░рїђрѕўрѕе ­ЪћЦ ­ЪјёрѕЇрІЕ ріЦрІЅріљрЅ░ріЏ рІерЅарІЊрѕЇ рЅЁріЊрѕй­Ъјё ­Ъјё ріерЅ│рѕЁрѕ│рѕх 21 ріЦрѕхріе рїЦрѕГ 7 рІхрѕерѕх рІерѕџрЅєрІГ ріЦрІЅріљрЅ░ріЏ рЅЁріЊрѕй ріарІхрѕГрїѕріЊрѕЇрЇб­Ъјё ­ЪДд­ЪјЂ­ЪДИ ріЦріЋрІ▓рѕЂрѕЮ рЅаріљрІџрѕЂ рЅђріЊрЅХрЅй ріе3000­Ъњх рЅарѕІрІГ рѕѕрѕџрїѕрІЎ рІ░ріЋрЅаріърЅ╗рЅйріЋ­ЪјЂ рѕЇрІЕ рІерЅарІЊрѕЇ рѕхрїдрЅ│ ріарІўрїІрїЁрЅ░ріЊрѕЇ­ЪјЂ­ЪјЂ­ЪДд ­Ъћц ріЦрїЁрїЇ рЅарїБрѕЮ рі│рѕірЅ▓ рѕарѕГрЅбрѕЦ ­Ъћц 3 рІерЅ░рѕѕрІФрІе рѕўрїаріЋ рІФрѕІрЅИрІЅ ­Ъћц ріерїІрѕЇрЅФріЊрІГрІЮрІх рЅЦрѕерЅх рІерЅ░рѕарѕФ рѕхрѕѕрѕєріљ ріарІГрІЮрїЇрѕЮрЇБ ріарІГрѕарЅарѕГрѕЮ ­Ъћц рЅарѕЏрѕФріф рІ▓рІЏрІГріЋ рІерЅ░рѕ░рѕФ ­Ъћц рѕѕрЅцрЅх рЅбрѕЅ рѕѕрѕЦрїдрЅ│ рЅ░рѕўрѕФрїГ рЅа­ЪЉј ­Ъњх6№ИЈРЃБ2№ИЈРЃБ0№ИЈРЃБ0№ИЈРЃБ­Ъњх РўЃ№ИЈ рІерЅ▓ріГ рЅХріГ рЇћрїЃрЅйріЋріЋ рѕѕрѕЏрїЇріўрЅх рѕіріЋріЕріЋ рІГрїФріЉ РгЄ№ИЈ http://tiktok.com/@modernshoppingcenter1 ­ЪЊъ 0924743736 ­ЪЊъ 0974978584 рЅарѕхрѕФрЅйріЋ рѕІрІГ рЅЁрѕгрЅ│ ріФрѕѕрІјрЅх рЅЦрЅ╗ рЅарІџрѕЁ рѕхрѕЇріГ рІ░рІЅрѕѕрІЅ рІФрѕ│рІЅрЅЂріЋрЇб ­Ъјё ­ЪЊъ 0961373839 Рюѕ№ИЈ рІерѕўрѕерїАрЅхріЋ ріЦрЅЃ рѕѕрѕЏрІўрІЮ ріерЅ│рЅй рЅБрѕѕрІЅ рІерЅ┤рѕїрїЇрѕФрѕЮ ріарІхрѕФрѕ╗ рІГрѕІріЕрѕЇріЋ ­Ъњг t.me/modernshopping1 ­Ъњг t.me/modernshopping2 ­Ъџџ ріарІ▓рѕх ріарЅарЅБ рІЅрѕхрїЦ ріе100рЅЦрѕГ ріЦрѕхріе 200рЅЦрѕГ рЅЦрЅ╗ рЅарѕЏрѕхріерЇѕрѕЇ рІФрѕЅрЅарЅх рІхрѕерѕх рЅарЇѕрїБріЋ рѕърЅ░рѕеріърЅ╗рЅйріЋ ріЦріЋрѕЇріГрѕЇрІЈрЅ│рѕѕріЋрЇб ­ЪџЌ рѕѕріГрЇЇрѕѕ рѕђрїѕрѕГ рІ░ріЋрЅаріърЅ╗рЅйріЋ рЅарѕўріљрѕљрѕфрІФ рЅаріЕрѕЇ ріарІхрѕГрїѕріЋ рЅарѕ╣рЇїрѕГ ріЦріЋрѕЇріФрѕѕріЋрЇб РЮЊ ріарІхрѕФрѕ╗ рЅЂрїЦрѕГ 1№ИЈРЃБ = рїЅрѕГрІхрѕЙрѕІ ріерѕ┤ріЋрЅИрѕф рѕърѕЇ рЅхріЋрѕй рІЮрЅЁ ріЦріЋрІ│рѕЅ ( рѕєрѕі рѕ▓рЅ▓ рѕ┤ріЋрЅ░рѕГ рѕърѕЇ ) рѕІрІГ ріЦріЋрІ░рїѕрЅА рЇірЅхрѕѕрЇірЅх ріерѕірЇЇрЅ▒ рЅарїЇрѕФ рЅаріЕрѕЇ рѕџрІЏріЋ рѕІрІГ M06 рЅЂрїЦрѕГ 2№ИЈРЃБ = рїђрѕъ рѕўрѕхрЅ│рІѕрЅх рЇІрЅЦрѕфріФ рїГрѕх рѕўрІЅрїФрІЅ рЇірЅх рѕѕрЇірЅх ( рѕФрѕљ рѕърѕЇ ) рїЇрѕФрІЅріЋрІх рЇЇрѕјрѕГ ріерІ░рѕерїЃрІЅ рїјріЋ RM G-06 (рЅхрѕЇрЅЂ рѕџріЊ рЇѕрѕГріњрЅИрѕГ рІФрѕѕрЅарЅх рѕЁріЋрЇЃ) РГљ№ИЈ ""рЅарѕърІ░рѕГріЋ ріЦрЅЃрІѕрІЈрЅй рѕѓрІѕрЅхрІјріЋ рѕърІ░рѕГріЊрІГрІЮ рІФрІхрѕГрїЅ ""РГљ№ИЈ",-1001649695480
5305,2025-01-03T08:20:07+00:00,,-1001649695480
5304,2025-01-03T08:20:07+00:00,,-1001649695480
5303,2025-01-03T08:20:06+00:00,"­ЪћЦ рЅ░рїђрѕўрѕе ­ЪњАрЅ░рїђрѕўрѕе­ЪњА рЅ░рїђрѕўрѕе ­ЪћЦ ­ЪјёрѕЇрІЕ ріЦрІЅріљрЅ░ріЏ рІерЅарІЊрѕЇ рЅЁріЊрѕй­Ъјё ­Ъјё ріерЅ│рѕЁрѕ│рѕх 21 ріЦрѕхріе рїЦрѕГ 7 рІхрѕерѕх рІерѕџрЅєрІГ ріЦрІЅріљрЅ░ріЏ рЅЁріЊрѕй ріарІхрѕГрїѕріЊрѕЇрЇб­Ъјё ­ЪДд­ЪјЂ­ЪДИ ріЦріЋрІ▓рѕЂрѕЮ рЅаріљрІџрѕЂ рЅђріЊрЅХрЅй ріе3000­Ъњх рЅарѕІрІГ рѕѕрѕџрїѕрІЎ рІ░ріЋрЅаріърЅ╗рЅйріЋ­ЪјЂ рѕЇрІЕ рІерЅарІЊрѕЇ рѕхрїдрЅ│ ріарІўрїІрїЁрЅ░ріЊрѕЇ­ЪјЂ­ЪјЂ­ЪДд ­Ъћц ріЦрїЁрїЇ рІЅрЅЦріЊ рЅёріЋрїаріЏ рІерЅАріЊ рѕ▓ріњрІјрЅй ­Ъћц рІерЅАріЊ рѕ┤рѕфрѕъріњріЋ рІерѕџрІФрІ░рѕЮрЅЂ ­Ъћц ріеріЋрЇЂрѕЁ рѕИріГрѕІ рІерЅ░рѕ░рѕЕ ­Ъћц рѕѕрЅцрЅхрІј рЅбрѕЅ рѕѕрѕхрїдрЅ│ рЅ░рѕўрѕФрїГ ­Ъћц рЅарЅ░рѕѕрІФрІе ріарІГріљрЅх рІ▓рІЏрІГріЋ рІерЅђрѕерЅа рЅа­ЪЉј ­Ъњх2№ИЈРЃБ5№ИЈРЃБ0№ИЈРЃБ0№ИЈРЃБ­Ъњх РўЃ№ИЈ рІерЅ▓ріГ рЅХріГ рЇћрїЃрЅйріЋріЋ рѕѕрѕЏрїЇріўрЅх рѕіріЋріЕріЋ рІГрїФріЉ РгЄ№ИЈ http://tiktok.com/@modernshoppingcenter1 ­ЪЊъ 0924743736 ­ЪЊъ 0974978584 рЅарѕхрѕФрЅйріЋ рѕІрІГ рЅЁрѕгрЅ│ ріФрѕѕрІјрЅх рЅЦрЅ╗ рЅарІџрѕЁ рѕхрѕЇріГ рІ░рІЅрѕѕрІЅ рІФрѕ│рІЅрЅЂріЋрЇб ­Ъјё ­ЪЊъ 0961373839 Рюѕ№ИЈ рІерѕўрѕерїАрЅхріЋ ріЦрЅЃ рѕѕрѕЏрІўрІЮ ріерЅ│рЅй рЅБрѕѕрІЅ рІерЅ┤рѕїрїЇрѕФрѕЮ ріарІхрѕФрѕ╗ рІГрѕІріЕрѕЇріЋ ­Ъњг t.me/modernshopping1 ­Ъњг t.me/modernshopping2 ­Ъџџ ріарІ▓рѕх ріарЅарЅБ рІЅрѕхрїЦ ріе100рЅЦрѕГ ріЦрѕхріе 200рЅЦрѕГ рЅЦрЅ╗ рЅарѕЏрѕхріерЇѕрѕЇ рІФрѕЅрЅарЅх рІхрѕерѕх рЅарЇѕрїБріЋ рѕърЅ░рѕеріърЅ╗рЅйріЋ ріЦріЋрѕЇріГрѕЇрІЈрЅ│рѕѕріЋрЇб ­ЪџЌ рѕѕріГрЇЇрѕѕ рѕђрїѕрѕГ рІ░ріЋрЅаріърЅ╗рЅйріЋ рЅарѕўріљрѕљрѕфрІФ рЅаріЕрѕЇ ріарІхрѕГрїѕріЋ рЅарѕ╣рЇїрѕГ ріЦріЋрѕЇріФрѕѕріЋрЇб РЮЊ ріарІхрѕФрѕ╗ рЅЂрїЦрѕГ 1№ИЈРЃБ = рїЅрѕГрІхрѕЙрѕІ ріерѕ┤ріЋрЅИрѕф рѕърѕЇ рЅхріЋрѕй рІЮрЅЁ ріЦріЋрІ│рѕЅ ( рѕєрѕі рѕ▓рЅ▓ рѕ┤ріЋрЅ░рѕГ рѕърѕЇ ) рѕІрІГ ріЦріЋрІ░рїѕрЅА рЇірЅхрѕѕрЇірЅх ріерѕірЇЇрЅ▒ рЅарїЇрѕФ рЅаріЕрѕЇ рѕџрІЏріЋ рѕІрІГ M06 рЅЂрїЦрѕГ 2№ИЈРЃБ = рїђрѕъ рѕўрѕхрЅ│рІѕрЅх рЇІрЅЦрѕфріФ рїГрѕх рѕўрІЅрїФрІЅ рЇірЅх рѕѕрЇірЅх ( рѕФрѕљ рѕърѕЇ ) рїЇрѕФрІЅріЋрІх рЇЇрѕјрѕГ ріерІ░рѕерїЃрІЅ рїјріЋ RM G-06 (рЅхрѕЇрЅЂ рѕџріЊ рЇѕрѕГріњрЅИрѕГ рІФрѕѕрЅарЅх рѕЁріЋрЇЃ) РГљ№ИЈ ""рЅарѕърІ░рѕГріЋ ріЦрЅЃрІѕрІЈрЅй рѕѓрІѕрЅхрІјріЋ рѕърІ░рѕГріЊрІГрІЮ рІФрІхрѕГрїЅ ""РГљ№ИЈ",-1001649695480
5302,2025-01-03T05:54:35+00:00,,-1001649695480
5301,2025-01-03T05:54:35+00:00,"­ЪћЦ рЅ░рїђрѕўрѕе ­ЪњАрЅ░рїђрѕўрѕе­ЪњА рЅ░рїђрѕўрѕе ­ЪћЦ ­ЪјёрѕЇрІЕ ріЦрІЅріљрЅ░ріЏ рІерЅарІЊрѕЇ рЅЁріЊрѕй­Ъјё ­Ъјё ріерЅ│рѕЁрѕ│рѕх 21 ріЦрѕхріе рїЦрѕГ 7 рІхрѕерѕх рІерѕџрЅєрІГ ріЦрІЅріљрЅ░ріЏ рЅЁріЊрѕй ріарІхрѕГрїѕріЊрѕЇрЇб­Ъјё ­ЪДд­ЪјЂ­ЪДИ ріЦріЋрІ▓рѕЂрѕЮ рЅаріљрІџрѕЂ рЅђріЊрЅХрЅй ріе3000­Ъњх рЅарѕІрІГ рѕѕрѕџрїѕрІЎ рІ░ріЋрЅаріърЅ╗рЅйріЋ­ЪјЂ рѕЇрІЕ рІерЅарІЊрѕЇ рѕхрїдрЅ│ ріарІўрїІрїЁрЅ░ріЊрѕЇ­ЪјЂ­ЪјЂ­ЪДд ­Ъћц рі│рѕірЅ▓ рІерѕ│рЅБ рѕ│рѕЁріЋ рІерІѕрїЦ рѕЏрЅЁрѕерЅбрІФ ­Ъћц рІерѕФрѕ▒ рѕўрїерѕѕрЇірІФ рІФрѕѕрІЇ ­Ъћц рЅарЅхрѕЇрЅЂ рѕўрїаріЋ рІерЅђрѕерЅа ­ЪћцрѕѕрїѕрЅарЅ│рІј рЅ░рїерѕЏрѕф рІхрѕЮрЅђрЅх рІерѕџрѕєріЋ рЅа­ЪЉј ­Ъњх4№ИЈРЃБ5№ИЈРЃБ0№ИЈРЃБ0№ИЈРЃБ­Ъњх РўЃ№ИЈ рІерЅ▓ріГ рЅХріГ рЇћрїЃрЅйріЋріЋ рѕѕрѕЏрїЇріўрЅх рѕіріЋріЕріЋ рІГрїФріЉ РгЄ№ИЈ http://tiktok.com/@modernshoppingcenter1 ­ЪЊъ 0924743736 ­ЪЊъ 0974978584 рЅарѕхрѕФрЅйріЋ рѕІрІГ рЅЁрѕгрЅ│ ріФрѕѕрІјрЅх рЅЦрЅ╗ рЅарІџрѕЁ рѕхрѕЇріГ рІ░рІЅрѕѕрІЅ рІФрѕ│рІЅрЅЂріЋрЇб ­Ъјё ­ЪЊъ 0961373839 Рюѕ№ИЈ рІерѕўрѕерїАрЅхріЋ ріЦрЅЃ рѕѕрѕЏрІўрІЮ ріерЅ│рЅй рЅБрѕѕрІЅ рІерЅ┤рѕїрїЇрѕФрѕЮ ріарІхрѕФрѕ╗ рІГрѕІріЕрѕЇріЋ ­Ъњг t.me/modernshopping1 ­Ъњг t.me/modernshopping2 ­Ъџџ ріарІ▓рѕх ріарЅарЅБ рІЅрѕхрїЦ ріе100рЅЦрѕГ ріЦрѕхріе 200рЅЦрѕГ рЅЦрЅ╗ рЅарѕЏрѕхріерЇѕрѕЇ рІФрѕЅрЅарЅх рІхрѕерѕх рЅарЇѕрїБріЋ рѕърЅ░рѕеріърЅ╗рЅйріЋ ріЦріЋрѕЇріГрѕЇрІЈрЅ│рѕѕріЋрЇб ­ЪџЌ рѕѕріГрЇЇрѕѕ рѕђрїѕрѕГ рІ░ріЋрЅаріърЅ╗рЅйріЋ рЅарѕўріљрѕљрѕфрІФ рЅаріЕрѕЇ ріарІхрѕГрїѕріЋ рЅарѕ╣рЇїрѕГ ріЦріЋрѕЇріФрѕѕріЋрЇб РЮЊ ріарІхрѕФрѕ╗ рЅЂрїЦрѕГ 1№ИЈРЃБ = рїЅрѕГрІхрѕЙрѕІ ріерѕ┤ріЋрЅИрѕф рѕърѕЇ рЅхріЋрѕй рІЮрЅЁ ріЦріЋрІ│рѕЅ ( рѕєрѕі рѕ▓рЅ▓ рѕ┤ріЋрЅ░рѕГ рѕърѕЇ ) рѕІрІГ ріЦріЋрІ░рїѕрЅА рЇірЅхрѕѕрЇірЅх ріерѕірЇЇрЅ▒ рЅарїЇрѕФ рЅаріЕрѕЇ рѕџрІЏріЋ рѕІрІГ M06 рЅЂрїЦрѕГ 2№ИЈРЃБ = рїђрѕъ рѕўрѕхрЅ│рІѕрЅх рЇІрЅЦрѕфріФ рїГрѕх рѕўрІЅрїФрІЅ рЇірЅх рѕѕрЇірЅх ( рѕФрѕљ рѕърѕЇ ) рїЇрѕФрІЅріЋрІх рЇЇрѕјрѕГ ріерІ░рѕерїЃрІЅ рїјріЋ RM G-06 (рЅхрѕЇрЅЂ рѕџріЊ рЇѕрѕГріњрЅИрѕГ рІФрѕѕрЅарЅх рѕЁріЋрЇЃ) РГљ№ИЈ ""рЅарѕърІ░рѕГріЋ ріЦрЅЃрІѕрІЈрЅй рѕѓрІѕрЅхрІјріЋ рѕърІ░рѕГріЊрІГрІЮ рІФрІхрѕГрїЅ ""РГљ№ИЈ",-1001649695480
5300,2025-01-02T18:34:22+00:00,,-1001649695480
5299,2025-01-02T18:34:22+00:00,,-1001649695480
5298,2025-01-02T18:34:22+00:00,"­ЪћЦ рЅ░рїђрѕўрѕе ­ЪњАрЅ░рїђрѕўрѕе­ЪњА рЅ░рїђрѕўрѕе ­ЪћЦ ­ЪјёрѕЇрІЕ ріЦрІЅріљрЅ░ріЏ рІерЅарІЊрѕЇ рЅЁріЊрѕй­Ъјё ­Ъјё ріерЅ│рѕЁрѕ│рѕх 21 ріЦрѕхріе рїЦрѕГ 7 рІхрѕерѕх рІерѕџрЅєрІГ ріЦрІЅріљрЅ░ріЏ рЅЁріЊрѕй ріарІхрѕГрїѕріЊрѕЇрЇб­Ъјё ­ЪДд­ЪјЂ­ЪДИ ріЦріЋрІ▓рѕЂрѕЮ рЅаріљрІџрѕЂ рЅђріЊрЅХрЅй ріе3000­Ъњх рЅарѕІрІГ рѕѕрѕџрїѕрІЎ рІ░ріЋрЅаріърЅ╗рЅйріЋ­ЪјЂ рѕЇрІЕ рІерЅарІЊрѕЇ рѕхрїдрЅ│ ріарІўрїІрїЁрЅ░ріЊрѕЇ­ЪјЂ­ЪјЂ­ЪДд ­Ъћц рі│рѕірЅ▓ рІерѕўрѕўрїѕрЅбрІФ рѕ│рѕЁріќрЅй ­Ъћц ріерІѕрЇЇрѕФрѕЮ рѕЏрІГріФ рІерЅ░рѕ░рѕЕ ­Ъћц рЅбрІѕрІхрЅЁ рІерѕЏрІГрѕ░рЅарѕГ ­Ъћц рЅарѕЂрѕѕрЅх ріарІГріљрЅх рІеріерѕѕрѕГ ріарѕЏрѕФрїГ рІерЅђрѕерЅа ріаріЋрІ▒ріЋ рЇЇрѕг рЅа­ЪЉј ­Ъњх4№ИЈРЃБ0№ИЈРЃБ0№ИЈРЃБ­Ъњх РўЃ№ИЈ рІерЅ▓ріГ рЅХріГ рЇћрїЃрЅйріЋріЋ рѕѕрѕЏрїЇріўрЅх рѕіріЋріЕріЋ рІГрїФріЉ РгЄ№ИЈ http://tiktok.com/@modernshoppingcenter1 ­ЪЊъ 0924743736 ­ЪЊъ 0974978584 рЅарѕхрѕФрЅйріЋ рѕІрІГ рЅЁрѕгрЅ│ ріФрѕѕрІјрЅх рЅЦрЅ╗ рЅарІџрѕЁ рѕхрѕЇріГ рІ░рІЅрѕѕрІЅ рІФрѕ│рІЅрЅЂріЋрЇб ­Ъјё ­ЪЊъ 0961373839 Рюѕ№ИЈ рІерѕўрѕерїАрЅхріЋ ріЦрЅЃ рѕѕрѕЏрІўрІЮ ріерЅ│рЅй рЅБрѕѕрІЅ рІерЅ┤рѕїрїЇрѕФрѕЮ ріарІхрѕФрѕ╗ рІГрѕІріЕрѕЇріЋ ­Ъњг t.me/modernshopping1 ­Ъњг t.me/modernshopping2 ­Ъџџ ріарІ▓рѕх ріарЅарЅБ рІЅрѕхрїЦ ріе100рЅЦрѕГ ріЦрѕхріе 200рЅЦрѕГ рЅЦрЅ╗ рЅарѕЏрѕхріерЇѕрѕЇ рІФрѕЅрЅарЅх рІхрѕерѕх рЅарЇѕрїБріЋ рѕърЅ░рѕеріърЅ╗рЅйріЋ ріЦріЋрѕЇріГрѕЇрІЈрЅ│рѕѕріЋрЇб ­ЪџЌ рѕѕріГрЇЇрѕѕ рѕђрїѕрѕГ рІ░ріЋрЅаріърЅ╗рЅйріЋ рЅарѕўріљрѕљрѕфрІФ рЅаріЕрѕЇ ріарІхрѕГрїѕріЋ рЅарѕ╣рЇїрѕГ ріЦріЋрѕЇріФрѕѕріЋрЇб РЮЊ ріарІхрѕФрѕ╗ рЅЂрїЦрѕГ 1№ИЈРЃБ = рїЅрѕГрІхрѕЙрѕІ ріерѕ┤ріЋрЅИрѕф рѕърѕЇ рЅхріЋрѕй рІЮрЅЁ ріЦріЋрІ│рѕЅ ( рѕєрѕі рѕ▓рЅ▓ рѕ┤ріЋрЅ░рѕГ рѕърѕЇ ) рѕІрІГ ріЦріЋрІ░рїѕрЅА рЇірЅхрѕѕрЇірЅх ріерѕірЇЇрЅ▒ рЅарїЇрѕФ рЅаріЕрѕЇ рѕџрІЏріЋ рѕІрІГ M06 рЅЂрїЦрѕГ 2№ИЈРЃБ = рїђрѕъ рѕўрѕхрЅ│рІѕрЅх рЇІрЅЦрѕфріФ рїГрѕх рѕўрІЅрїФрІЅ рЇірЅх рѕѕрЇірЅх ( рѕФрѕљ рѕърѕЇ ) рїЇрѕФрІЅріЋрІх рЇЇрѕјрѕГ ріерІ░рѕерїЃрІЅ рїјріЋ RM G-06 (рЅхрѕЇрЅЂ рѕџріЊ рЇѕрѕГріњрЅИрѕГ рІФрѕѕрЅарЅх рѕЁріЋрЇЃ) РГљ№ИЈ ""рЅарѕърІ░рѕГріЋ ріЦрЅЃрІѕрІЈрЅй рѕѓрІѕрЅхрІјріЋ рѕърІ░рѕГріЊрІГрІЮ рІФрІхрѕГрїЅ ""РГљ№ИЈ",-1001649695480
5297,2025-01-02T12:48:05+00:00,"­ЪћЦ рЅ░рїђрѕўрѕе ­ЪњАрЅ░рїђрѕўрѕе­ЪњА рЅ░рїђрѕўрѕе ­ЪћЦ ­ЪјёрѕЇрІЕ ріЦрІЅріљрЅ░ріЏ рІерЅарІЊрѕЇ рЅЁріЊрѕй­Ъјё ­Ъјё ріерЅ│рѕЁрѕ│рѕх 21 ріЦрѕхріе рїЦрѕГ 7 рІхрѕерѕх рІерѕџрЅєрІГ ріЦрІЅріљрЅ░ріЏ рЅЁріЊрѕй ріарІхрѕГрїѕріЊрѕЇрЇб­Ъјё ­ЪДд­ЪјЂ­ЪДИ ріЦріЋрІ▓рѕЂрѕЮ рЅаріљрІџрѕЂ рЅђріЊрЅХрЅй ріе3000­Ъњх рЅарѕІрІГ рѕѕрѕџрїѕрІЎ рІ░ріЋрЅаріърЅ╗рЅйріЋ­ЪјЂ рѕЇрІЕ рІерЅарІЊрѕЇ рѕхрїдрЅ│ ріарІўрїІрїЁрЅ░ріЊрѕЇ­ЪјЂ­ЪјЂ­ЪДд ­Ъћц рЅ┤рЅЦрѕЇ рѕЏрЅх ­Ъћц 6 рїБрѕЇрїБрѕЇ рІерѕџрІ░рѕерїЅ ­Ъћц 1.80 рІерѕџрѕерІЮрѕЮ рѕФріљрѕГ ­Ъћц ріЦрѕГрїЦрЅарЅх рІерѕЏрІФрЅарѕІрѕИрІЅ ­Ъћц рЅаріарѕФрЅх рѕўріарІўріЋ рЅЁрѕГрЇЁ рІерЅђрѕерЅа ­Ъћц рїаріЋріФрѕФ рІерѕЮрІГрЅђрІ░рІх ­ЪћцрѕѕрѕЏрЇЁрІ│рЅх рЅарїБрѕЮ рЅђрѕІрѕЇ рЅа­ЪЉј РЮї2800РЮї Рюћ№ИЈ2500Рюћ№ИЈ РўЃ№ИЈ рІерЅ▓ріГ рЅХріГ рЇћрїЃрЅйріЋріЋ рѕѕрѕЏрїЇріўрЅх рѕіріЋріЕріЋ рІГрїФріЉ РгЄ№ИЈ http://tiktok.com/@modernshoppingcenter1 ­ЪЊъ 0924743736 ­ЪЊъ 0974978584 рЅарѕхрѕФрЅйріЋ рѕІрІГ рЅЁрѕгрЅ│ ріФрѕѕрІјрЅх рЅЦрЅ╗ рЅарІџрѕЁ рѕхрѕЇріГ рІ░рІЅрѕѕрІЅ рІФрѕ│рІЅрЅЂріЋрЇб ­Ъјё ­ЪЊъ 0961373839 Рюѕ№ИЈ рІерѕўрѕерїАрЅхріЋ ріЦрЅЃ рѕѕрѕЏрІўрІЮ ріерЅ│рЅй рЅБрѕѕрІЅ рІерЅ┤рѕїрїЇрѕФрѕЮ ріарІхрѕФрѕ╗ рІГрѕІріЕрѕЇріЋ ­Ъњг t.me/modernshopping1 ­Ъњг t.me/modernshopping2 ­Ъџџ ріарІ▓рѕх ріарЅарЅБ рІЅрѕхрїЦ ріе100рЅЦрѕГ ріЦрѕхріе 200рЅЦрѕГ рЅЦрЅ╗ рЅарѕЏрѕхріерЇѕрѕЇ рІФрѕЅрЅарЅх рІхрѕерѕх рЅарЇѕрїБріЋ рѕърЅ░рѕеріърЅ╗рЅйріЋ ріЦріЋрѕЇріГрѕЇрІЈрЅ│рѕѕріЋрЇб ­ЪџЌ рѕѕріГрЇЇрѕѕ рѕђрїѕрѕГ рІ░ріЋрЅаріърЅ╗рЅйріЋ рЅарѕўріљрѕљрѕфрІФ рЅаріЕрѕЇ ріарІхрѕГрїѕріЋ рЅарѕ╣рЇїрѕГ ріЦріЋрѕЇріФрѕѕріЋрЇб РЮЊ ріарІхрѕФрѕ╗ рЅЂрїЦрѕГ 1№ИЈРЃБ = рїЅрѕГрІхрѕЙрѕІ ріерѕ┤ріЋрЅИрѕф рѕърѕЇ рЅхріЋрѕй рІЮрЅЁ ріЦріЋрІ│рѕЅ ( рѕєрѕі рѕ▓рЅ▓ рѕ┤ріЋрЅ░рѕГ рѕърѕЇ ) рѕІрІГ ріЦріЋрІ░рїѕрЅА рЇірЅхрѕѕрЇірЅх ріерѕірЇЇрЅ▒ рЅарїЇрѕФ рЅаріЕрѕЇ рѕџрІЏріЋ рѕІрІГ M06 рЅЂрїЦрѕГ 2№ИЈРЃБ = рїђрѕъ рѕўрѕхрЅ│рІѕрЅх рЇІрЅЦрѕфріФ рїГрѕх рѕўрІЅрїФрІЅ рЇірЅх рѕѕрЇірЅх ( рѕФрѕљ рѕърѕЇ ) рїЇрѕФрІЅріЋрІх рЇЇрѕјрѕГ ріерІ░рѕерїЃрІЅ рїјріЋ RM G-06 (рЅхрѕЇрЅЂ рѕџріЊ рЇѕрѕГріњрЅИрѕГ рІФрѕѕрЅарЅх рѕЁріЋрЇЃ) РГљ№ИЈ ""рЅарѕърІ░рѕГріЋ ріЦрЅЃрІѕрІЈрЅй рѕѓрІѕрЅхрІјріЋ рѕърІ░рѕГріЊрІГрІЮ рІФрІхрѕГрїЅ ""РГљ№ИЈ",-1001649695480
5296,2025-01-02T10:42:18+00:00,,-1001649695480
5295,2025-01-02T10:42:18+00:00,,-1001649695480
5294,2025-01-02T10:42:18+00:00,,-1001649695480
5293,2025-01-02T10:42:18+00:00,,-1001649695480
5292,2025-01-02T10:42:18+00:00,"­ЪћЦ рЅ░рїђрѕўрѕе ­ЪњАрЅ░рїђрѕўрѕе­ЪњА рЅ░рїђрѕўрѕе ­ЪћЦ ­ЪјёрѕЇрІЕ ріЦрІЅріљрЅ░ріЏ рІерЅарІЊрѕЇ рЅЁріЊрѕй­Ъјё ­Ъјё ріерЅ│рѕЁрѕ│рѕх 21 ріЦрѕхріе рїЦрѕГ 7 рІхрѕерѕх рІерѕџрЅєрІГ ріЦрІЅріљрЅ░ріЏ рЅЁріЊрѕй ріарІхрѕГрїѕріЊрѕЇрЇб­Ъјё ­ЪДд­ЪјЂ­ЪДИ ріЦріЋрІ▓рѕЂрѕЮ рЅаріљрІџрѕЂ рЅђріЊрЅХрЅй ріе3000­Ъњх рЅарѕІрІГ рѕѕрѕџрїѕрІЎ рІ░ріЋрЅаріърЅ╗рЅйріЋ­ЪјЂ рѕЇрІЕ рІерЅарІЊрѕЇ рѕхрїдрЅ│ ріарІўрїІрїЁрЅ░ріЊрѕЇ­ЪјЂ­ЪјЂ­ЪДд ­Ъћц ріЦрїЁрїЇ рІЅрЅЦріЊ рЅёріЋрїаріЏ рІерЅАріЊ рѕ▓ріњрІјрЅй ­Ъћц рІерЅАріЊ рѕ┤рѕфрѕъріњріЋ рІерѕџрІФрІ░рѕЮрЅЂ ­Ъћц ріеріЋрЇЂрѕЁ рѕИріГрѕІ рІерЅ░рѕ░рѕЕ ­Ъћц рѕѕрЅцрЅхрІј рЅбрѕЅ рѕѕрѕхрїдрЅ│ рЅ░рѕўрѕФрїГ ­Ъћц рЅарЅ░рѕѕрІФрІе ріарІГріљрЅх рІ▓рІЏрІГріЋ рІерЅђрѕерЅа рЅа­ЪЉј ­Ъњх2№ИЈРЃБ0№ИЈРЃБ0№ИЈРЃБ0№ИЈРЃБ­Ъњх РўЃ№ИЈ рІерЅ▓ріГ рЅХріГ рЇћрїЃрЅйріЋріЋ рѕѕрѕЏрїЇріўрЅх рѕіріЋріЕріЋ рІГрїФріЉ РгЄ№ИЈ http://tiktok.com/@modernshoppingcenter1 ­ЪЊъ 0924743736 ­ЪЊъ 0974978584 рЅарѕхрѕФрЅйріЋ рѕІрІГ рЅЁрѕгрЅ│ ріФрѕѕрІјрЅх рЅЦрЅ╗ рЅарІџрѕЁ рѕхрѕЇріГ рІ░рІЅрѕѕрІЅ рІФрѕ│рІЅрЅЂріЋрЇб ­Ъјё ­ЪЊъ 0961373839 Рюѕ№ИЈ рІерѕўрѕерїАрЅхріЋ ріЦрЅЃ рѕѕрѕЏрІўрІЮ ріерЅ│рЅй рЅБрѕѕрІЅ рІерЅ┤рѕїрїЇрѕФрѕЮ ріарІхрѕФрѕ╗ рІГрѕІріЕрѕЇріЋ ­Ъњг t.me/modernshopping1 ­Ъњг t.me/modernshopping2 ­Ъџџ ріарІ▓рѕх ріарЅарЅБ рІЅрѕхрїЦ ріе100рЅЦрѕГ ріЦрѕхріе 200рЅЦрѕГ рЅЦрЅ╗ рЅарѕЏрѕхріерЇѕрѕЇ рІФрѕЅрЅарЅх рІхрѕерѕх рЅарЇѕрїБріЋ рѕърЅ░рѕеріърЅ╗рЅйріЋ ріЦріЋрѕЇріГрѕЇрІЈрЅ│рѕѕріЋрЇб ­ЪџЌ рѕѕріГрЇЇрѕѕ рѕђрїѕрѕГ рІ░ріЋрЅаріърЅ╗рЅйріЋ рЅарѕўріљрѕљрѕфрІФ рЅаріЕрѕЇ ріарІхрѕГрїѕріЋ рЅарѕ╣рЇїрѕГ ріЦріЋрѕЇріФрѕѕріЋрЇб РЮЊ ріарІхрѕФрѕ╗ рЅЂрїЦрѕГ 1№ИЈРЃБ = рїЅрѕГрІхрѕЙрѕІ ріерѕ┤ріЋрЅИрѕф рѕърѕЇ рЅхріЋрѕй рІЮрЅЁ ріЦріЋрІ│рѕЅ ( рѕєрѕі рѕ▓рЅ▓ рѕ┤ріЋрЅ░рѕГ рѕърѕЇ ) рѕІрІГ ріЦріЋрІ░рїѕрЅА рЇірЅхрѕѕрЇірЅх ріерѕірЇЇрЅ▒ рЅарїЇрѕФ рЅаріЕрѕЇ рѕџрІЏріЋ рѕІрІГ M06 рЅЂрїЦрѕГ 2№ИЈРЃБ = рїђрѕъ рѕўрѕхрЅ│рІѕрЅх рЇІрЅЦрѕфріФ рїГрѕх рѕўрІЅрїФрІЅ рЇірЅх рѕѕрЇірЅх ( рѕФрѕљ рѕърѕЇ ) рїЇрѕФрІЅріЋрІх рЇЇрѕјрѕГ ріерІ░рѕерїЃрІЅ рїјріЋ RM G-06 (рЅхрѕЇрЅЂ рѕџріЊ рЇѕрѕГріњрЅИрѕГ рІФрѕѕрЅарЅх рѕЁріЋрЇЃ) РГљ№ИЈ ""рЅарѕърІ░рѕГріЋ ріЦрЅЃрІѕрІЈрЅй рѕѓрІѕрЅхрІјріЋ рѕърІ░рѕГріЊрІГрІЮ рІФрІхрѕГрїЅ ""РГљ№ИЈ",-1001649695480
5291,2025-01-02T05:49:39+00:00,,-1001649695480
5290,2025-01-02T05:49:39+00:00,,-1001649695480
5289,2025-01-02T05:49:39+00:00,"­ЪћЦ рЅ░рїђрѕўрѕе ­ЪњАрЅ░рїђрѕўрѕе­ЪњА рЅ░рїђрѕўрѕе ­ЪћЦ ­ЪјёрѕЇрІЕ ріЦрІЅріљрЅ░ріЏ рІерЅарІЊрѕЇ рЅЁріЊрѕй­Ъјё ­Ъјё ріерЅ│рѕЁрѕ│рѕх 21 ріЦрѕхріе рїЦрѕГ 7 рІхрѕерѕх рІерѕџрЅєрІГ ріЦрІЅріљрЅ░ріЏ рЅЁріЊрѕй ріарІхрѕГрїѕріЊрѕЇрЇб­Ъјё ­ЪДд­ЪјЂ­ЪДИ ріЦріЋрІ▓рѕЂрѕЮ рЅаріљрІџрѕЂ рЅђріЊрЅХрЅй ріе3000­Ъњх рЅарѕІрІГ рѕѕрѕџрїѕрІЎ рІ░ріЋрЅаріърЅ╗рЅйріЋ­ЪјЂ рѕЇрІЕ рІерЅарІЊрѕЇ рѕхрїдрЅ│ ріарІўрїІрїЁрЅ░ріЊрѕЇ­ЪјЂ­ЪјЂ­ЪДд ­Ъћц 100% рі│рѕірЅ▓ рѕЏріЋрЅєрѕГрЅєрѕфрІФ ­Ъћц рІерѕЏрІГрІЮрїЇ рѕхрЅ┤ріЋрѕѕрѕх рѕхрЅ▓рѕЇ рІерѕєріљ ­Ъћц рЅаріарѕхрІ░рѕЏрѕџ ріарЅђрѕФрѕерЅЦ рІерЅ░рІўрїІрїђ ­Ъћц ріЦрѕ│рЅх рѕІрІГ рѕўрїБрІх рІерѕџрЅйрѕЇ ­Ъћц 2 рѕїрЅхрѕГ рІерѕўрІФрІЮ ріарЅЁрѕЮ рІФрѕѕрІЇ ­Ъћц рЅа2 ріарІГріљрЅх рІеріерѕѕрѕГ ріарѕЏрѕФрїГ рІерЅђрѕерЅа рЅа­ЪЉј ­Ъњх1№ИЈРЃБ6№ИЈРЃБ0№ИЈРЃБ0№ИЈРЃБ­Ъњх РўЃ№ИЈ рІерЅ▓ріГ рЅХріГ рЇћрїЃрЅйріЋріЋ рѕѕрѕЏрїЇріўрЅх рѕіріЋріЕріЋ рІГрїФріЉ РгЄ№ИЈ http://tiktok.com/@modernshoppingcenter1 ­ЪЊъ 0924743736 ­ЪЊъ 0974978584 рЅарѕхрѕФрЅйріЋ рѕІрІГ рЅЁрѕгрЅ│ ріФрѕѕрІјрЅх рЅЦрЅ╗ рЅарІџрѕЁ рѕхрѕЇріГ рІ░рІЅрѕѕрІЅ рІФрѕ│рІЅрЅЂріЋрЇб ­Ъјё ­ЪЊъ 0961373839 Рюѕ№ИЈ рІерѕўрѕерїАрЅхріЋ ріЦрЅЃ рѕѕрѕЏрІўрІЮ ріерЅ│рЅй рЅБрѕѕрІЅ рІерЅ┤рѕїрїЇрѕФрѕЮ ріарІхрѕФрѕ╗ рІГрѕІріЕрѕЇріЋ ­Ъњг t.me/modernshopping1 ­Ъњг t.me/modernshopping2 ­Ъџџ ріарІ▓рѕх ріарЅарЅБ рІЅрѕхрїЦ ріе100рЅЦрѕГ ріЦрѕхріе 200рЅЦрѕГ рЅЦрЅ╗ рЅарѕЏрѕхріерЇѕрѕЇ рІФрѕЅрЅарЅх рІхрѕерѕх рЅарЇѕрїБріЋ рѕърЅ░рѕеріърЅ╗рЅйріЋ ріЦріЋрѕЇріГрѕЇрІЈрЅ│рѕѕріЋрЇб ­ЪџЌ рѕѕріГрЇЇрѕѕ рѕђрїѕрѕГ рІ░ріЋрЅаріърЅ╗рЅйріЋ рЅарѕўріљрѕљрѕфрІФ рЅаріЕрѕЇ ріарІхрѕГрїѕріЋ рЅарѕ╣рЇїрѕГ ріЦріЋрѕЇріФрѕѕріЋрЇб РЮЊ ріарІхрѕФрѕ╗ рЅЂрїЦрѕГ 1№ИЈРЃБ = рїЅрѕГрІхрѕЙрѕІ ріерѕ┤ріЋрЅИрѕф рѕърѕЇ рЅхріЋрѕй рІЮрЅЁ ріЦріЋрІ│рѕЅ ( рѕєрѕі рѕ▓рЅ▓ рѕ┤ріЋрЅ░рѕГ рѕърѕЇ ) рѕІрІГ ріЦріЋрІ░рїѕрЅА рЇірЅхрѕѕрЇірЅх ріерѕірЇЇрЅ▒ рЅарїЇрѕФ рЅаріЕрѕЇ рѕџрІЏріЋ рѕІрІГ M06 рЅЂрїЦрѕГ 2№ИЈРЃБ = рїђрѕъ рѕўрѕхрЅ│рІѕрЅх рЇІрЅЦрѕфріФ рїГрѕх рѕўрІЅрїФрІЅ рЇірЅх рѕѕрЇірЅх ( рѕФрѕљ рѕърѕЇ ) рїЇрѕФрІЅріЋрІх рЇЇрѕјрѕГ ріерІ░рѕерїЃрІЅ рїјріЋ RM G-06 (рЅхрѕЇрЅЂ рѕџріЊ рЇѕрѕГріњрЅИрѕГ рІФрѕѕрЅарЅх рѕЁріЋрЇЃ) РГљ№ИЈ ""рЅарѕърІ░рѕГріЋ ріЦрЅЃрІѕрІЈрЅй рѕѓрІѕрЅхрІјріЋ рѕърІ░рѕГріЊрІГрІЮ рІФрІхрѕГрїЅ ""РГљ№ИЈ",-1001649695480
5288,2025-01-01T16:30:50+00:00,,-1001649695480
5287,2025-01-01T16:30:50+00:00,,-1001649695480
5286,2025-01-01T16:30:50+00:00,,-1001649695480
5285,2025-01-01T16:30:50+00:00,,-1001649695480
5284,2025-01-01T16:30:50+00:00,,-1001649695480
5283,2025-01-01T16:30:50+00:00,,-1001649695480
